run_utc,fichier,horizon_min,pas_min,energie_prevue_h,energie_mesuree_h,mae,rmse
2025-01-01T00:00:00Z,previsions/2025-01/pv_prev_20250101T00Z.csv.gz,1440,1,0.682,0.612,0.0111,0.0146
2025-01-01T06:00:00Z,previsions/2025-01/pv_prev_20250101T06Z.csv.gz,1440,1,0.678,0.612,0.0095,0.0134
2025-01-01T12:00:00Z,previsions/2025-01/pv_prev_20250101T12Z.csv.gz,1440,1,2.024,2.030,0.0121,0.0157
2025-01-01T18:00:00Z,previsions/2025-01/pv_prev_20250101T18Z.csv.gz,1440,1,3.190,3.043,0.0322,0.0437
2025-01-02T00:00:00Z,previsions/2025-01/pv_prev_20250102T00Z.csv.gz,1440,1,3.326,3.043,0.0379,0.0520
2025-01-02T06:00:00Z,previsions/2025-01/pv_prev_20250102T06Z.csv.gz,1440,1,2.844,3.043,0.0236,0.0281
2025-01-02T12:00:00Z,previsions/2025-01/pv_prev_20250102T12Z.csv.gz,1440,1,3.524,3.232,0.0339,0.0422
2025-01-02T18:00:00Z,previsions/2025-01/pv_prev_20250102T18Z.csv.gz,1440,1,3.747,3.338,0.0475,0.0576
2025-01-03T00:00:00Z,previsions/2025-01/pv_prev_20250103T00Z.csv.gz,1440,1,3.530,3.338,0.0290,0.0375
2025-01-03T06:00:00Z,previsions/2025-01/pv_prev_20250103T06Z.csv.gz,1440,1,2.936,3.338,0.0467,0.0532
2025-01-03T12:00:00Z,previsions/2025-01/pv_prev_20250103T12Z.csv.gz,1440,1,3.173,3.255,0.0234,0.0293
2025-01-03T18:00:00Z,previsions/2025-01/pv_prev_20250103T18Z.csv.gz,1440,1,3.670,3.168,0.0582,0.0664
2025-01-04T00:00:00Z,previsions/2025-01/pv_prev_20250104T00Z.csv.gz,1440,1,3.725,3.168,0.0646,0.0726
2025-01-04T06:00:00Z,previsions/2025-01/pv_prev_20250104T06Z.csv.gz,1440,1,3.590,3.168,0.0489,0.0567
2025-01-04T12:00:00Z,previsions/2025-01/pv_prev_20250104T12Z.csv.gz,1440,1,3.427,2.882,0.0634,0.0886
2025-01-04T18:00:00Z,previsions/2025-01/pv_prev_20250104T18Z.csv.gz,1440,1,2.121,2.664,0.0628,0.0724
2025-01-05T00:00:00Z,previsions/2025-01/pv_prev_20250105T00Z.csv.gz,1440,1,2.860,2.664,0.0244,0.0356
2025-01-05T06:00:00Z,previsions/2025-01/pv_prev_20250105T06Z.csv.gz,1440,1,2.706,2.664,0.0091,0.0115
2025-01-05T12:00:00Z,previsions/2025-01/pv_prev_20250105T12Z.csv.gz,1440,1,2.529,2.760,0.0271,0.0361
2025-01-05T18:00:00Z,previsions/2025-01/pv_prev_20250105T18Z.csv.gz,1440,1,3.622,2.956,0.0769,0.0861
2025-01-06T00:00:00Z,previsions/2025-01/pv_prev_20250106T00Z.csv.gz,1440,1,3.358,2.956,0.0464,0.0520
2025-01-06T06:00:00Z,previsions/2025-01/pv_prev_20250106T06Z.csv.gz,1440,1,3.490,2.956,0.0616,0.0680
2025-01-06T12:00:00Z,previsions/2025-01/pv_prev_20250106T12Z.csv.gz,1440,1,1.601,1.636,0.0155,0.0208
2025-01-06T18:00:00Z,previsions/2025-01/pv_prev_20250106T18Z.csv.gz,1440,1,0.512,0.572,0.0127,0.0181
2025-01-07T00:00:00Z,previsions/2025-01/pv_prev_20250107T00Z.csv.gz,1440,1,0.740,0.572,0.0194,0.0237
2025-01-07T06:00:00Z,previsions/2025-01/pv_prev_20250107T06Z.csv.gz,1440,1,0.719,0.572,0.0170,0.0204
2025-01-07T12:00:00Z,previsions/2025-01/pv_prev_20250107T12Z.csv.gz,1440,1,0.382,0.425,0.0065,0.0094
2025-01-07T18:00:00Z,previsions/2025-01/pv_prev_20250107T18Z.csv.gz,1440,1,0.409,0.275,0.0155,0.0187
2025-01-08T00:00:00Z,previsions/2025-01/pv_prev_20250108T00Z.csv.gz,1440,1,0.256,0.275,0.0076,0.0096
2025-01-08T06:00:00Z,previsions/2025-01/pv_prev_20250108T06Z.csv.gz,1440,1,0.261,0.275,0.0043,0.0061
2025-01-08T12:00:00Z,previsions/2025-01/pv_prev_20250108T12Z.csv.gz,1440,1,0.638,0.525,0.0139,0.0230
2025-01-08T18:00:00Z,previsions/2025-01/pv_prev_20250108T18Z.csv.gz,1440,1,1.065,0.726,0.0389,0.0474
2025-01-09T00:00:00Z,previsions/2025-01/pv_prev_20250109T00Z.csv.gz,1440,1,0.775,0.726,0.0161,0.0209
2025-01-09T06:00:00Z,previsions/2025-01/pv_prev_20250109T06Z.csv.gz,1440,1,0.697,0.726,0.0102,0.0156
2025-01-09T12:00:00Z,previsions/2025-01/pv_prev_20250109T12Z.csv.gz,1440,1,2.245,2.042,0.0241,0.0386
2025-01-09T18:00:00Z,previsions/2025-01/pv_prev_20250109T18Z.csv.gz,1440,1,3.192,3.292,0.0194,0.0255
2025-01-10T00:00:00Z,previsions/2025-01/pv_prev_20250110T00Z.csv.gz,1440,1,2.625,3.292,0.0763,0.0871
2025-01-10T06:00:00Z,previsions/2025-01/pv_prev_20250110T06Z.csv.gz,1440,1,2.971,3.292,0.0368,0.0465
2025-01-10T12:00:00Z,previsions/2025-01/pv_prev_20250110T12Z.csv.gz,1440,1,3.056,3.588,0.0609,0.0841
2025-01-10T18:00:00Z,previsions/2025-01/pv_prev_20250110T18Z.csv.gz,1440,1,3.966,3.528,0.0499,0.0590
2025-01-11T00:00:00Z,previsions/2025-01/pv_prev_20250111T00Z.csv.gz,1440,1,3.979,3.528,0.0514,0.0605
2025-01-11T06:00:00Z,previsions/2025-01/pv_prev_20250111T06Z.csv.gz,1440,1,3.451,3.528,0.0112,0.0146
2025-01-11T12:00:00Z,previsions/2025-01/pv_prev_20250111T12Z.csv.gz,1440,1,2.073,2.837,0.0912,0.1477
2025-01-11T18:00:00Z,previsions/2025-01/pv_prev_20250111T18Z.csv.gz,1440,1,1.910,2.498,0.0882,0.1062
2025-01-12T00:00:00Z,previsions/2025-01/pv_prev_20250112T00Z.csv.gz,1440,1,2.304,2.498,0.0556,0.0763
2025-01-12T06:00:00Z,previsions/2025-01/pv_prev_20250112T06Z.csv.gz,1440,1,1.064,2.498,0.1655,0.1953
2025-01-12T12:00:00Z,previsions/2025-01/pv_prev_20250112T12Z.csv.gz,1440,1,0.981,2.043,0.1236,0.1473
2025-01-12T18:00:00Z,previsions/2025-01/pv_prev_20250112T18Z.csv.gz,1440,1,0.122,1.447,0.1503,0.1767
2025-01-13T00:00:00Z,previsions/2025-01/pv_prev_20250113T00Z.csv.gz,1440,1,1.959,1.447,0.0595,0.0754
2025-01-13T06:00:00Z,previsions/2025-01/pv_prev_20250113T06Z.csv.gz,1440,1,1.375,1.447,0.0254,0.0380
2025-01-13T12:00:00Z,previsions/2025-01/pv_prev_20250113T12Z.csv.gz,1440,1,2.790,2.326,0.0555,0.0784
2025-01-13T18:00:00Z,previsions/2025-01/pv_prev_20250113T18Z.csv.gz,1440,1,1.880,3.208,0.1497,0.1628
2025-01-14T00:00:00Z,previsions/2025-01/pv_prev_20250114T00Z.csv.gz,1440,1,3.551,3.208,0.0392,0.0498
2025-01-14T06:00:00Z,previsions/2025-01/pv_prev_20250114T06Z.csv.gz,1440,1,3.632,3.208,0.0478,0.0577
2025-01-14T12:00:00Z,previsions/2025-01/pv_prev_20250114T12Z.csv.gz,1440,1,3.225,3.405,0.0265,0.0348
2025-01-14T18:00:00Z,previsions/2025-01/pv_prev_20250114T18Z.csv.gz,1440,1,3.078,3.462,0.0433,0.0498
2025-01-15T00:00:00Z,previsions/2025-01/pv_prev_20250115T00Z.csv.gz,1440,1,2.155,3.462,0.1471,0.1653
2025-01-15T06:00:00Z,previsions/2025-01/pv_prev_20250115T06Z.csv.gz,1440,1,3.091,3.462,0.0417,0.0466
2025-01-15T12:00:00Z,previsions/2025-01/pv_prev_20250115T12Z.csv.gz,1440,1,2.288,2.163,0.0208,0.0329
2025-01-15T18:00:00Z,previsions/2025-01/pv_prev_20250115T18Z.csv.gz,1440,1,0.573,1.188,0.0689,0.0825
2025-01-16T00:00:00Z,previsions/2025-01/pv_prev_20250116T00Z.csv.gz,1440,1,1.252,1.188,0.0231,0.0321
2025-01-16T06:00:00Z,previsions/2025-01/pv_prev_20250116T06Z.csv.gz,1440,1,1.249,1.188,0.0112,0.0140
2025-01-16T12:00:00Z,previsions/2025-01/pv_prev_20250116T12Z.csv.gz,1440,1,2.412,2.417,0.0114,0.0149
2025-01-16T18:00:00Z,previsions/2025-01/pv_prev_20250116T18Z.csv.gz,1440,1,3.475,3.419,0.0121,0.0171
2025-01-17T00:00:00Z,previsions/2025-01/pv_prev_20250117T00Z.csv.gz,1440,1,4.089,3.419,0.0751,0.0837
2025-01-17T06:00:00Z,previsions/2025-01/pv_prev_20250117T06Z.csv.gz,1440,1,3.596,3.419,0.0226,0.0310
2025-01-17T12:00:00Z,previsions/2025-01/pv_prev_20250117T12Z.csv.gz,1440,1,2.068,2.189,0.0270,0.0333
2025-01-17T18:00:00Z,previsions/2025-01/pv_prev_20250117T18Z.csv.gz,1440,1,1.288,1.140,0.0323,0.0430
2025-01-18T00:00:00Z,previsions/2025-01/pv_prev_20250118T00Z.csv.gz,1440,1,1.389,1.140,0.0329,0.0465
2025-01-18T06:00:00Z,previsions/2025-01/pv_prev_20250118T06Z.csv.gz,1440,1,1.744,1.140,0.0682,0.0870
2025-01-18T12:00:00Z,previsions/2025-01/pv_prev_20250118T12Z.csv.gz,1440,1,1.208,0.969,0.0303,0.0372
2025-01-18T18:00:00Z,previsions/2025-01/pv_prev_20250118T18Z.csv.gz,1440,1,1.181,0.787,0.0437,0.0539
2025-01-19T00:00:00Z,previsions/2025-01/pv_prev_20250119T00Z.csv.gz,1440,1,0.839,0.787,0.0157,0.0206
2025-01-19T06:00:00Z,previsions/2025-01/pv_prev_20250119T06Z.csv.gz,1440,1,0.745,0.787,0.0124,0.0163
2025-01-19T12:00:00Z,previsions/2025-01/pv_prev_20250119T12Z.csv.gz,1440,1,0.561,0.578,0.0064,0.0097
2025-01-19T18:00:00Z,previsions/2025-01/pv_prev_20250119T18Z.csv.gz,1440,1,0.454,0.516,0.0086,0.0114
2025-01-20T00:00:00Z,previsions/2025-01/pv_prev_20250120T00Z.csv.gz,1440,1,0.452,0.516,0.0088,0.0119
2025-01-20T06:00:00Z,previsions/2025-01/pv_prev_20250120T06Z.csv.gz,1440,1,0.465,0.516,0.0078,0.0106
2025-01-20T12:00:00Z,previsions/2025-01/pv_prev_20250120T12Z.csv.gz,1440,1,2.537,2.180,0.0397,0.0566
2025-01-20T18:00:00Z,previsions/2025-01/pv_prev_20250120T18Z.csv.gz,1440,1,4.203,3.670,0.0588,0.0671
2025-01-21T00:00:00Z,previsions/2025-01/pv_prev_20250121T00Z.csv.gz,1440,1,4.028,3.670,0.0395,0.0452
2025-01-21T06:00:00Z,previsions/2025-01/pv_prev_20250121T06Z.csv.gz,1440,1,3.225,3.670,0.0490,0.0570
2025-01-21T12:00:00Z,previsions/2025-01/pv_prev_20250121T12Z.csv.gz,1440,1,3.769,3.578,0.0248,0.0413
2025-01-21T18:00:00Z,previsions/2025-01/pv_prev_20250121T18Z.csv.gz,1440,1,4.058,3.609,0.0494,0.0633
2025-01-22T00:00:00Z,previsions/2025-01/pv_prev_20250122T00Z.csv.gz,1440,1,3.973,3.609,0.0423,0.0590
2025-01-22T06:00:00Z,previsions/2025-01/pv_prev_20250122T06Z.csv.gz,1440,1,4.002,3.609,0.0431,0.0513
2025-01-22T12:00:00Z,previsions/2025-01/pv_prev_20250122T12Z.csv.gz,1440,1,3.849,2.613,0.1355,0.1915
2025-01-22T18:00:00Z,previsions/2025-01/pv_prev_20250122T18Z.csv.gz,1440,1,0.700,1.916,0.1341,0.1617
2025-01-23T00:00:00Z,previsions/2025-01/pv_prev_20250123T00Z.csv.gz,1440,1,2.338,1.916,0.0542,0.0723
2025-01-23T06:00:00Z,previsions/2025-01/pv_prev_20250123T06Z.csv.gz,1440,1,1.303,1.916,0.0729,0.0909
2025-01-23T12:00:00Z,previsions/2025-01/pv_prev_20250123T12Z.csv.gz,1440,1,1.413,1.700,0.0340,0.0437
2025-01-23T18:00:00Z,previsions/2025-01/pv_prev_20250123T18Z.csv.gz,1440,1,1.177,1.177,0.0334,0.0426
2025-01-24T00:00:00Z,previsions/2025-01/pv_prev_20250124T00Z.csv.gz,1440,1,1.660,1.177,0.0528,0.0673
2025-01-24T06:00:00Z,previsions/2025-01/pv_prev_20250124T06Z.csv.gz,1440,1,1.290,1.177,0.0168,0.0267
2025-01-24T12:00:00Z,previsions/2025-01/pv_prev_20250124T12Z.csv.gz,1440,1,0.762,1.771,0.1151,0.1690
2025-01-24T18:00:00Z,previsions/2025-01/pv_prev_20250124T18Z.csv.gz,1440,1,0.720,2.727,0.2197,0.2664
2025-01-25T00:00:00Z,previsions/2025-01/pv_prev_20250125T00Z.csv.gz,1440,1,0.771,2.727,0.2144,0.2564
2025-01-25T06:00:00Z,previsions/2025-01/pv_prev_20250125T06Z.csv.gz,1440,1,2.783,2.727,0.0359,0.0588
2025-01-25T12:00:00Z,previsions/2025-01/pv_prev_20250125T12Z.csv.gz,1440,1,2.948,3.583,0.0735,0.0889
2025-01-25T18:00:00Z,previsions/2025-01/pv_prev_20250125T18Z.csv.gz,1440,1,4.124,3.940,0.0253,0.0332
2025-01-26T00:00:00Z,previsions/2025-01/pv_prev_20250126T00Z.csv.gz,1440,1,4.011,3.940,0.0166,0.0221
2025-01-26T06:00:00Z,previsions/2025-01/pv_prev_20250126T06Z.csv.gz,1440,1,3.978,3.940,0.0127,0.0161
2025-01-26T12:00:00Z,previsions/2025-01/pv_prev_20250126T12Z.csv.gz,1440,1,3.834,3.963,0.0250,0.0396
2025-01-26T18:00:00Z,previsions/2025-01/pv_prev_20250126T18Z.csv.gz,1440,1,4.424,4.017,0.0438,0.0487
2025-01-27T00:00:00Z,previsions/2025-01/pv_prev_20250127T00Z.csv.gz,1440,1,4.304,4.017,0.0372,0.0440
2025-01-27T06:00:00Z,previsions/2025-01/pv_prev_20250127T06Z.csv.gz,1440,1,3.618,4.017,0.0428,0.0488
2025-01-27T12:00:00Z,previsions/2025-01/pv_prev_20250127T12Z.csv.gz,1440,1,4.226,3.987,0.0386,0.0516
2025-01-27T18:00:00Z,previsions/2025-01/pv_prev_20250127T18Z.csv.gz,1440,1,3.648,3.809,0.0200,0.0260
2025-01-28T00:00:00Z,previsions/2025-01/pv_prev_20250128T00Z.csv.gz,1440,1,3.879,3.809,0.0247,0.0325
2025-01-28T06:00:00Z,previsions/2025-01/pv_prev_20250128T06Z.csv.gz,1440,1,4.337,3.809,0.0565,0.0634
2025-01-28T12:00:00Z,previsions/2025-01/pv_prev_20250128T12Z.csv.gz,1440,1,4.004,3.605,0.0427,0.0576
2025-01-28T18:00:00Z,previsions/2025-01/pv_prev_20250128T18Z.csv.gz,1440,1,3.113,3.551,0.0468,0.0552
2025-01-29T00:00:00Z,previsions/2025-01/pv_prev_20250129T00Z.csv.gz,1440,1,3.200,3.551,0.0380,0.0462
2025-01-29T06:00:00Z,previsions/2025-01/pv_prev_20250129T06Z.csv.gz,1440,1,4.249,3.551,0.0745,0.0851
2025-01-29T12:00:00Z,previsions/2025-01/pv_prev_20250129T12Z.csv.gz,1440,1,3.307,3.761,0.0484,0.0632
2025-01-29T18:00:00Z,previsions/2025-01/pv_prev_20250129T18Z.csv.gz,1440,1,3.303,3.766,0.0506,0.0649
2025-01-30T00:00:00Z,previsions/2025-01/pv_prev_20250130T00Z.csv.gz,1440,1,3.713,3.766,0.0140,0.0185
2025-01-30T06:00:00Z,previsions/2025-01/pv_prev_20250130T06Z.csv.gz,1440,1,3.690,3.766,0.0166,0.0207
2025-01-30T12:00:00Z,previsions/2025-01/pv_prev_20250130T12Z.csv.gz,1440,1,1.629,2.483,0.0905,0.1298
2025-01-30T18:00:00Z,previsions/2025-01/pv_prev_20250130T18Z.csv.gz,1440,1,1.467,1.492,0.0322,0.0433
2025-01-31T00:00:00Z,previsions/2025-01/pv_prev_20250131T00Z.csv.gz,1440,1,0.951,1.492,0.0593,0.0757
2025-01-31T06:00:00Z,previsions/2025-01/pv_prev_20250131T06Z.csv.gz,1440,1,1.577,1.492,0.0153,0.0274
2025-01-31T12:00:00Z,previsions/2025-01/pv_prev_20250131T12Z.csv.gz,1440,1,2.902,2.459,0.0627,0.1117
2025-01-31T18:00:00Z,previsions/2025-01/pv_prev_20250131T18Z.csv.gz,1440,1,0.330,3.123,0.2940,0.3397
2025-02-01T00:00:00Z,previsions/2025-02/pv_prev_20250201T00Z.csv.gz,1440,1,3.883,3.123,0.0870,0.1191
2025-02-01T06:00:00Z,previsions/2025-02/pv_prev_20250201T06Z.csv.gz,1440,1,3.520,3.123,0.0687,0.1038
2025-02-01T12:00:00Z,previsions/2025-02/pv_prev_20250201T12Z.csv.gz,1440,1,2.270,1.932,0.0457,0.0632
2025-02-01T18:00:00Z,previsions/2025-02/pv_prev_20250201T18Z.csv.gz,1440,1,0.961,1.027,0.0080,0.0114
2025-02-02T00:00:00Z,previsions/2025-02/pv_prev_20250202T00Z.csv.gz,1440,1,1.098,1.027,0.0088,0.0115
2025-02-02T06:00:00Z,previsions/2025-02/pv_prev_20250202T06Z.csv.gz,1440,1,1.269,1.027,0.0254,0.0289
2025-02-02T12:00:00Z,previsions/2025-02/pv_prev_20250202T12Z.csv.gz,1440,1,0.868,0.971,0.0140,0.0232
2025-02-02T18:00:00Z,previsions/2025-02/pv_prev_20250202T18Z.csv.gz,1440,1,1.277,1.000,0.0292,0.0387
2025-02-03T00:00:00Z,previsions/2025-02/pv_prev_20250203T00Z.csv.gz,1440,1,0.909,1.000,0.0129,0.0198
2025-02-03T06:00:00Z,previsions/2025-02/pv_prev_20250203T06Z.csv.gz,1440,1,0.808,1.000,0.0213,0.0277
2025-02-03T12:00:00Z,previsions/2025-02/pv_prev_20250203T12Z.csv.gz,1440,1,1.041,1.740,0.0729,0.1380
2025-02-03T18:00:00Z,previsions/2025-02/pv_prev_20250203T18Z.csv.gz,1440,1,2.814,2.241,0.0629,0.0864
2025-02-04T00:00:00Z,previsions/2025-02/pv_prev_20250204T00Z.csv.gz,1440,1,3.002,2.241,0.0828,0.1298
2025-02-04T06:00:00Z,previsions/2025-02/pv_prev_20250204T06Z.csv.gz,1440,1,2.623,2.241,0.0414,0.0582
2025-02-04T12:00:00Z,previsions/2025-02/pv_prev_20250204T12Z.csv.gz,1440,1,3.794,3.311,0.0506,0.0596
2025-02-04T18:00:00Z,previsions/2025-02/pv_prev_20250204T18Z.csv.gz,1440,1,3.555,4.266,0.0737,0.0826
2025-02-05T00:00:00Z,previsions/2025-02/pv_prev_20250205T00Z.csv.gz,1440,1,4.258,4.266,0.0190,0.0238
2025-02-05T06:00:00Z,previsions/2025-02/pv_prev_20250205T06Z.csv.gz,1440,1,3.961,4.266,0.0331,0.0394
2025-02-05T12:00:00Z,previsions/2025-02/pv_prev_20250205T12Z.csv.gz,1440,1,2.382,2.396,0.0077,0.0104
2025-02-05T18:00:00Z,previsions/2025-02/pv_prev_20250205T18Z.csv.gz,1440,1,0.888,0.858,0.0091,0.0125
2025-02-06T00:00:00Z,previsions/2025-02/pv_prev_20250206T00Z.csv.gz,1440,1,1.038,0.858,0.0188,0.0236
2025-02-06T06:00:00Z,previsions/2025-02/pv_prev_20250206T06Z.csv.gz,1440,1,0.969,0.858,0.0119,0.0158
2025-02-06T12:00:00Z,previsions/2025-02/pv_prev_20250206T12Z.csv.gz,1440,1,1.703,2.151,0.0523,0.0870
2025-02-06T18:00:00Z,previsions/2025-02/pv_prev_20250206T18Z.csv.gz,1440,1,0.936,2.858,0.1973,0.2411
2025-02-07T00:00:00Z,previsions/2025-02/pv_prev_20250207T00Z.csv.gz,1440,1,4.705,2.858,0.1895,0.2188
2025-02-07T06:00:00Z,previsions/2025-02/pv_prev_20250207T06Z.csv.gz,1440,1,2.862,2.858,0.0264,0.0420
2025-02-07T12:00:00Z,previsions/2025-02/pv_prev_20250207T12Z.csv.gz,1440,1,2.833,3.087,0.0388,0.0551
2025-02-07T18:00:00Z,previsions/2025-02/pv_prev_20250207T18Z.csv.gz,1440,1,4.904,3.920,0.1004,0.1112
2025-02-08T00:00:00Z,previsions/2025-02/pv_prev_20250208T00Z.csv.gz,1440,1,5.009,3.920,0.1111,0.1230
2025-02-08T06:00:00Z,previsions/2025-02/pv_prev_20250208T06Z.csv.gz,1440,1,2.842,3.920,0.1100,0.1254
2025-02-08T12:00:00Z,previsions/2025-02/pv_prev_20250208T12Z.csv.gz,1440,1,4.816,4.044,0.0787,0.0967
2025-02-08T18:00:00Z,previsions/2025-02/pv_prev_20250208T18Z.csv.gz,1440,1,4.047,3.994,0.0157,0.0200
2025-02-09T00:00:00Z,previsions/2025-02/pv_prev_20250209T00Z.csv.gz,1440,1,2.669,3.994,0.1348,0.1518
2025-02-09T06:00:00Z,previsions/2025-02/pv_prev_20250209T06Z.csv.gz,1440,1,5.037,3.994,0.1060,0.1181
2025-02-09T12:00:00Z,previsions/2025-02/pv_prev_20250209T12Z.csv.gz,1440,1,3.198,4.054,0.0868,0.1084
2025-02-09T18:00:00Z,previsions/2025-02/pv_prev_20250209T18Z.csv.gz,1440,1,2.532,4.267,0.1753,0.1921
2025-02-10T00:00:00Z,previsions/2025-02/pv_prev_20250210T00Z.csv.gz,1440,1,4.947,4.267,0.0687,0.0775
2025-02-10T06:00:00Z,previsions/2025-02/pv_prev_20250210T06Z.csv.gz,1440,1,4.889,4.267,0.0628,0.0722
2025-02-10T12:00:00Z,previsions/2025-02/pv_prev_20250210T12Z.csv.gz,1440,1,4.948,4.492,0.0462,0.0650
2025-02-10T18:00:00Z,previsions/2025-02/pv_prev_20250210T18Z.csv.gz,1440,1,4.436,4.431,0.0409,0.0541
2025-02-11T00:00:00Z,previsions/2025-02/pv_prev_20250211T00Z.csv.gz,1440,1,3.554,4.431,0.0884,0.1051
2025-02-11T06:00:00Z,previsions/2025-02/pv_prev_20250211T06Z.csv.gz,1440,1,3.734,4.431,0.0701,0.0853
2025-02-11T12:00:00Z,previsions/2025-02/pv_prev_20250211T12Z.csv.gz,1440,1,4.243,4.588,0.0348,0.0405
2025-02-11T18:00:00Z,previsions/2025-02/pv_prev_20250211T18Z.csv.gz,1440,1,3.281,4.746,0.1468,0.1679
2025-02-12T00:00:00Z,previsions/2025-02/pv_prev_20250212T00Z.csv.gz,1440,1,5.300,4.746,0.0555,0.0647
2025-02-12T06:00:00Z,previsions/2025-02/pv_prev_20250212T06Z.csv.gz,1440,1,5.058,4.746,0.0339,0.0435
2025-02-12T12:00:00Z,previsions/2025-02/pv_prev_20250212T12Z.csv.gz,1440,1,5.061,4.416,0.0645,0.0870
2025-02-12T18:00:00Z,previsions/2025-02/pv_prev_20250212T18Z.csv.gz,1440,1,4.743,4.200,0.0542,0.0631
2025-02-13T00:00:00Z,previsions/2025-02/pv_prev_20250213T00Z.csv.gz,1440,1,3.301,4.200,0.0895,0.1020
2025-02-13T06:00:00Z,previsions/2025-02/pv_prev_20250213T06Z.csv.gz,1440,1,4.139,4.200,0.0120,0.0172
2025-02-13T12:00:00Z,previsions/2025-02/pv_prev_20250213T12Z.csv.gz,1440,1,3.983,4.225,0.0263,0.0378
2025-02-13T18:00:00Z,previsions/2025-02/pv_prev_20250213T18Z.csv.gz,1440,1,3.323,4.406,0.1075,0.1287
2025-02-14T00:00:00Z,previsions/2025-02/pv_prev_20250214T00Z.csv.gz,1440,1,3.767,4.406,0.0635,0.0762
2025-02-14T06:00:00Z,previsions/2025-02/pv_prev_20250214T06Z.csv.gz,1440,1,3.429,4.406,0.0970,0.1113
2025-02-14T12:00:00Z,previsions/2025-02/pv_prev_20250214T12Z.csv.gz,1440,1,4.897,4.407,0.0485,0.0715
2025-02-14T18:00:00Z,previsions/2025-02/pv_prev_20250214T18Z.csv.gz,1440,1,5.334,4.164,0.1155,0.1331
2025-02-15T00:00:00Z,previsions/2025-02/pv_prev_20250215T00Z.csv.gz,1440,1,3.918,4.164,0.0307,0.0427
2025-02-15T06:00:00Z,previsions/2025-02/pv_prev_20250215T06Z.csv.gz,1440,1,3.670,4.164,0.0488,0.0579
2025-02-15T12:00:00Z,previsions/2025-02/pv_prev_20250215T12Z.csv.gz,1440,1,4.676,4.380,0.0308,0.0378
2025-02-15T18:00:00Z,previsions/2025-02/pv_prev_20250215T18Z.csv.gz,1440,1,4.602,4.768,0.0216,0.0285
2025-02-16T00:00:00Z,previsions/2025-02/pv_prev_20250216T00Z.csv.gz,1440,1,4.876,4.768,0.0205,0.0269
2025-02-16T06:00:00Z,previsions/2025-02/pv_prev_20250216T06Z.csv.gz,1440,1,4.798,4.768,0.0166,0.0224
2025-02-16T12:00:00Z,previsions/2025-02/pv_prev_20250216T12Z.csv.gz,1440,1,3.854,5.008,0.1131,0.1693
2025-02-16T18:00:00Z,previsions/2025-02/pv_prev_20250216T18Z.csv.gz,1440,1,3.892,4.962,0.1045,0.1217
2025-02-17T00:00:00Z,previsions/2025-02/pv_prev_20250217T00Z.csv.gz,1440,1,5.573,4.962,0.0597,0.0698
2025-02-17T06:00:00Z,previsions/2025-02/pv_prev_20250217T06Z.csv.gz,1440,1,5.478,4.962,0.0505,0.0619
2025-02-17T12:00:00Z,previsions/2025-02/pv_prev_20250217T12Z.csv.gz,1440,1,5.527,4.858,0.0653,0.0752
2025-02-17T18:00:00Z,previsions/2025-02/pv_prev_20250217T18Z.csv.gz,1440,1,5.594,5.027,0.0552,0.0667
2025-02-18T00:00:00Z,previsions/2025-02/pv_prev_20250218T00Z.csv.gz,1440,1,4.787,5.027,0.0301,0.0388
2025-02-18T06:00:00Z,previsions/2025-02/pv_prev_20250218T06Z.csv.gz,1440,1,5.367,5.027,0.0333,0.0414
2025-02-18T12:00:00Z,previsions/2025-02/pv_prev_20250218T12Z.csv.gz,1440,1,3.928,4.432,0.0539,0.0794
2025-02-18T18:00:00Z,previsions/2025-02/pv_prev_20250218T18Z.csv.gz,1440,1,4.328,3.779,0.0805,0.0955
2025-02-19T00:00:00Z,previsions/2025-02/pv_prev_20250219T00Z.csv.gz,1440,1,2.710,3.779,0.1053,0.1208
2025-02-19T06:00:00Z,previsions/2025-02/pv_prev_20250219T06Z.csv.gz,1440,1,3.906,3.779,0.0277,0.0371
2025-02-19T12:00:00Z,previsions/2025-02/pv_prev_20250219T12Z.csv.gz,1440,1,3.091,2.693,0.0696,0.1244
2025-02-19T18:00:00Z,previsions/2025-02/pv_prev_20250219T18Z.csv.gz,1440,1,1.534,2.358,0.0936,0.1314
2025-02-20T00:00:00Z,previsions/2025-02/pv_prev_20250220T00Z.csv.gz,1440,1,2.096,2.358,0.0521,0.0727
2025-02-20T06:00:00Z,previsions/2025-02/pv_prev_20250220T06Z.csv.gz,1440,1,2.958,2.358,0.0621,0.0890
2025-02-20T12:00:00Z,previsions/2025-02/pv_prev_20250220T12Z.csv.gz,1440,1,2.180,1.852,0.0336,0.0445
2025-02-20T18:00:00Z,previsions/2025-02/pv_prev_20250220T18Z.csv.gz,1440,1,1.059,0.955,0.0188,0.0241
2025-02-21T00:00:00Z,previsions/2025-02/pv_prev_20250221T00Z.csv.gz,1440,1,0.885,0.955,0.0166,0.0242
2025-02-21T06:00:00Z,previsions/2025-02/pv_prev_20250221T06Z.csv.gz,1440,1,1.048,0.955,0.0105,0.0157
2025-02-21T12:00:00Z,previsions/2025-02/pv_prev_20250221T12Z.csv.gz,1440,1,1.334,1.155,0.0235,0.0386
2025-02-21T18:00:00Z,previsions/2025-02/pv_prev_20250221T18Z.csv.gz,1440,1,1.239,1.110,0.0328,0.0416
2025-02-22T00:00:00Z,previsions/2025-02/pv_prev_20250222T00Z.csv.gz,1440,1,1.234,1.110,0.0136,0.0177
2025-02-22T06:00:00Z,previsions/2025-02/pv_prev_20250222T06Z.csv.gz,1440,1,1.089,1.110,0.0143,0.0198
2025-02-22T12:00:00Z,previsions/2025-02/pv_prev_20250222T12Z.csv.gz,1440,1,0.979,1.323,0.0331,0.0482
2025-02-22T18:00:00Z,previsions/2025-02/pv_prev_20250222T18Z.csv.gz,1440,1,1.155,1.473,0.0311,0.0383
2025-02-23T00:00:00Z,previsions/2025-02/pv_prev_20250223T00Z.csv.gz,1440,1,1.887,1.473,0.0394,0.0554
2025-02-23T06:00:00Z,previsions/2025-02/pv_prev_20250223T06Z.csv.gz,1440,1,1.563,1.473,0.0111,0.0179
2025-02-23T12:00:00Z,previsions/2025-02/pv_prev_20250223T12Z.csv.gz,1440,1,3.329,3.305,0.0182,0.0262
2025-02-23T18:00:00Z,previsions/2025-02/pv_prev_20250223T18Z.csv.gz,1440,1,5.287,5.181,0.0196,0.0257
2025-02-24T00:00:00Z,previsions/2025-02/pv_prev_20250224T00Z.csv.gz,1440,1,5.032,5.181,0.0182,0.0235
2025-02-24T06:00:00Z,previsions/2025-02/pv_prev_20250224T06Z.csv.gz,1440,1,4.949,5.181,0.0228,0.0314
2025-02-24T12:00:00Z,previsions/2025-02/pv_prev_20250224T12Z.csv.gz,1440,1,4.669,4.924,0.0299,0.0443
2025-02-24T18:00:00Z,previsions/2025-02/pv_prev_20250224T18Z.csv.gz,1440,1,3.723,4.560,0.0789,0.0922
2025-02-25T00:00:00Z,previsions/2025-02/pv_prev_20250225T00Z.csv.gz,1440,1,5.131,4.560,0.0546,0.0672
2025-02-25T06:00:00Z,previsions/2025-02/pv_prev_20250225T06Z.csv.gz,1440,1,4.729,4.560,0.0165,0.0209
2025-02-25T12:00:00Z,previsions/2025-02/pv_prev_20250225T12Z.csv.gz,1440,1,3.577,4.721,0.1082,0.1576
2025-02-25T18:00:00Z,previsions/2025-02/pv_prev_20250225T18Z.csv.gz,1440,1,5.009,4.916,0.0171,0.0212
2025-02-26T00:00:00Z,previsions/2025-02/pv_prev_20250226T00Z.csv.gz,1440,1,5.700,4.916,0.0735,0.0824
2025-02-26T06:00:00Z,previsions/2025-02/pv_prev_20250226T06Z.csv.gz,1440,1,4.771,4.916,0.0173,0.0227
2025-02-26T12:00:00Z,previsions/2025-02/pv_prev_20250226T12Z.csv.gz,1440,1,5.633,4.903,0.0684,0.0899
2025-02-26T18:00:00Z,previsions/2025-02/pv_prev_20250226T18Z.csv.gz,1440,1,4.027,5.016,0.0924,0.1092
2025-02-27T00:00:00Z,previsions/2025-02/pv_prev_20250227T00Z.csv.gz,1440,1,3.937,5.016,0.1007,0.1146
2025-02-27T06:00:00Z,previsions/2025-02/pv_prev_20250227T06Z.csv.gz,1440,1,5.524,5.016,0.0473,0.0528
2025-02-27T12:00:00Z,previsions/2025-02/pv_prev_20250227T12Z.csv.gz,1440,1,5.374,5.343,0.0363,0.0490
2025-02-27T18:00:00Z,previsions/2025-02/pv_prev_20250227T18Z.csv.gz,1440,1,5.989,5.402,0.0545,0.0634
2025-02-28T00:00:00Z,previsions/2025-02/pv_prev_20250228T00Z.csv.gz,1440,1,6.033,5.402,0.0585,0.0672
2025-02-28T06:00:00Z,previsions/2025-02/pv_prev_20250228T06Z.csv.gz,1440,1,5.884,5.402,0.0447,0.0525
2025-02-28T12:00:00Z,previsions/2025-02/pv_prev_20250228T12Z.csv.gz,1440,1,5.804,5.119,0.0635,0.0854
2025-02-28T18:00:00Z,previsions/2025-02/pv_prev_20250228T18Z.csv.gz,1440,1,5.754,5.134,0.0573,0.0677
2025-03-01T00:00:00Z,previsions/2025-03/pv_prev_20250301T00Z.csv.gz,1440,1,4.919,5.134,0.0288,0.0393
2025-03-01T06:00:00Z,previsions/2025-03/pv_prev_20250301T06Z.csv.gz,1440,1,5.164,5.134,0.0108,0.0156
2025-03-01T12:00:00Z,previsions/2025-03/pv_prev_20250301T12Z.csv.gz,1440,1,4.253,4.266,0.0569,0.0770
2025-03-01T18:00:00Z,previsions/2025-03/pv_prev_20250301T18Z.csv.gz,1440,1,5.971,2.964,0.2777,0.3340
2025-03-02T00:00:00Z,previsions/2025-03/pv_prev_20250302T00Z.csv.gz,1440,1,4.666,2.964,0.1579,0.1953
2025-03-02T06:00:00Z,previsions/2025-03/pv_prev_20250302T06Z.csv.gz,1440,1,3.099,2.964,0.0530,0.0714
2025-03-02T12:00:00Z,previsions/2025-03/pv_prev_20250302T12Z.csv.gz,1440,1,1.484,1.755,0.0301,0.0379
2025-03-02T18:00:00Z,previsions/2025-03/pv_prev_20250302T18Z.csv.gz,1440,1,1.354,0.980,0.0349,0.0454
2025-03-03T00:00:00Z,previsions/2025-03/pv_prev_20250303T00Z.csv.gz,1440,1,0.942,0.980,0.0089,0.0128
2025-03-03T06:00:00Z,previsions/2025-03/pv_prev_20250303T06Z.csv.gz,1440,1,1.034,0.980,0.0076,0.0105
2025-03-03T12:00:00Z,previsions/2025-03/pv_prev_20250303T12Z.csv.gz,1440,1,3.776,3.508,0.0249,0.0376
2025-03-03T18:00:00Z,previsions/2025-03/pv_prev_20250303T18Z.csv.gz,1440,1,5.975,5.603,0.0341,0.0455
2025-03-04T00:00:00Z,previsions/2025-03/pv_prev_20250304T00Z.csv.gz,1440,1,4.503,5.603,0.1003,0.1114
2025-03-04T06:00:00Z,previsions/2025-03/pv_prev_20250304T06Z.csv.gz,1440,1,4.771,5.603,0.0759,0.0885
2025-03-04T12:00:00Z,previsions/2025-03/pv_prev_20250304T12Z.csv.gz,1440,1,5.378,4.032,0.1225,0.1735
2025-03-04T18:00:00Z,previsions/2025-03/pv_prev_20250304T18Z.csv.gz,1440,1,2.394,2.568,0.0344,0.0537
2025-03-05T00:00:00Z,previsions/2025-03/pv_prev_20250305T00Z.csv.gz,1440,1,2.641,2.568,0.0334,0.0532
2025-03-05T06:00:00Z,previsions/2025-03/pv_prev_20250305T06Z.csv.gz,1440,1,2.328,2.568,0.0324,0.0483
2025-03-05T12:00:00Z,previsions/2025-03/pv_prev_20250305T12Z.csv.gz,1440,1,1.926,1.786,0.0216,0.0332
2025-03-05T18:00:00Z,previsions/2025-03/pv_prev_20250305T18Z.csv.gz,1440,1,0.336,1.065,0.0668,0.0881
2025-03-06T00:00:00Z,previsions/2025-03/pv_prev_20250306T00Z.csv.gz,1440,1,0.784,1.065,0.0316,0.0418
2025-03-06T06:00:00Z,previsions/2025-03/pv_prev_20250306T06Z.csv.gz,1440,1,1.078,1.065,0.0090,0.0137
2025-03-06T12:00:00Z,previsions/2025-03/pv_prev_20250306T12Z.csv.gz,1440,1,1.029,1.011,0.0119,0.0162
2025-03-06T18:00:00Z,previsions/2025-03/pv_prev_20250306T18Z.csv.gz,1440,1,1.256,1.294,0.0098,0.0138
2025-03-07T00:00:00Z,previsions/2025-03/pv_prev_20250307T00Z.csv.gz,1440,1,1.472,1.294,0.0168,0.0222
2025-03-07T06:00:00Z,previsions/2025-03/pv_prev_20250307T06Z.csv.gz,1440,1,1.165,1.294,0.0133,0.0185
2025-03-07T12:00:00Z,previsions/2025-03/pv_prev_20250307T12Z.csv.gz,1440,1,1.507,3.024,0.1363,0.2166
2025-03-07T18:00:00Z,previsions/2025-03/pv_prev_20250307T18Z.csv.gz,1440,1,3.404,4.201,0.0809,0.0988
2025-03-08T00:00:00Z,previsions/2025-03/pv_prev_20250308T00Z.csv.gz,1440,1,3.969,4.201,0.0539,0.0717
2025-03-08T06:00:00Z,previsions/2025-03/pv_prev_20250308T06Z.csv.gz,1440,1,3.704,4.201,0.0543,0.0727
2025-03-08T12:00:00Z,previsions/2025-03/pv_prev_20250308T12Z.csv.gz,1440,1,2.190,2.353,0.0359,0.0482
2025-03-08T18:00:00Z,previsions/2025-03/pv_prev_20250308T18Z.csv.gz,1440,1,1.111,0.939,0.0178,0.0260
2025-03-09T00:00:00Z,previsions/2025-03/pv_prev_20250309T00Z.csv.gz,1440,1,1.010,0.939,0.0159,0.0222
2025-03-09T06:00:00Z,previsions/2025-03/pv_prev_20250309T06Z.csv.gz,1440,1,0.984,0.939,0.0089,0.0126
2025-03-09T12:00:00Z,previsions/2025-03/pv_prev_20250309T12Z.csv.gz,1440,1,2.801,1.731,0.0984,0.1724
2025-03-09T18:00:00Z,previsions/2025-03/pv_prev_20250309T18Z.csv.gz,1440,1,1.935,2.727,0.0752,0.0984
2025-03-10T00:00:00Z,previsions/2025-03/pv_prev_20250310T00Z.csv.gz,1440,1,2.854,2.727,0.0250,0.0366
2025-03-10T06:00:00Z,previsions/2025-03/pv_prev_20250310T06Z.csv.gz,1440,1,2.276,2.727,0.0475,0.0622
2025-03-10T12:00:00Z,previsions/2025-03/pv_prev_20250310T12Z.csv.gz,1440,1,2.445,2.400,0.0181,0.0271
2025-03-10T18:00:00Z,previsions/2025-03/pv_prev_20250310T18Z.csv.gz,1440,1,1.765,1.637,0.0188,0.0264
2025-03-11T00:00:00Z,previsions/2025-03/pv_prev_20250311T00Z.csv.gz,1440,1,1.681,1.637,0.0089,0.0135
2025-03-11T06:00:00Z,previsions/2025-03/pv_prev_20250311T06Z.csv.gz,1440,1,1.714,1.637,0.0086,0.0129
2025-03-11T12:00:00Z,previsions/2025-03/pv_prev_20250311T12Z.csv.gz,1440,1,1.252,1.475,0.0240,0.0410
2025-03-11T18:00:00Z,previsions/2025-03/pv_prev_20250311T18Z.csv.gz,1440,1,0.687,1.495,0.0710,0.0837
2025-03-12T00:00:00Z,previsions/2025-03/pv_prev_20250312T00Z.csv.gz,1440,1,1.827,1.495,0.0310,0.0423
2025-03-12T06:00:00Z,previsions/2025-03/pv_prev_20250312T06Z.csv.gz,1440,1,1.564,1.495,0.0097,0.0137
2025-03-12T12:00:00Z,previsions/2025-03/pv_prev_20250312T12Z.csv.gz,1440,1,4.163,3.284,0.0785,0.1273
2025-03-12T18:00:00Z,previsions/2025-03/pv_prev_20250312T18Z.csv.gz,1440,1,6.650,5.202,0.1275,0.1529
2025-03-13T00:00:00Z,previsions/2025-03/pv_prev_20250313T00Z.csv.gz,1440,1,2.196,5.202,0.2649,0.3141
2025-03-13T06:00:00Z,previsions/2025-03/pv_prev_20250313T06Z.csv.gz,1440,1,5.986,5.202,0.0753,0.0955
2025-03-13T12:00:00Z,previsions/2025-03/pv_prev_20250313T12Z.csv.gz,1440,1,4.843,5.493,0.0635,0.0886
2025-03-13T18:00:00Z,previsions/2025-03/pv_prev_20250313T18Z.csv.gz,1440,1,6.166,5.657,0.0445,0.0542
2025-03-14T00:00:00Z,previsions/2025-03/pv_prev_20250314T00Z.csv.gz,1440,1,6.331,5.657,0.0588,0.0727
2025-03-14T06:00:00Z,previsions/2025-03/pv_prev_20250314T06Z.csv.gz,1440,1,6.031,5.657,0.0327,0.0402
2025-03-14T12:00:00Z,previsions/2025-03/pv_prev_20250314T12Z.csv.gz,1440,1,4.091,4.338,0.0390,0.0540
2025-03-14T18:00:00Z,previsions/2025-03/pv_prev_20250314T18Z.csv.gz,1440,1,5.470,3.397,0.1800,0.2231
2025-03-15T00:00:00Z,previsions/2025-03/pv_prev_20250315T00Z.csv.gz,1440,1,2.587,3.397,0.0797,0.0955
2025-03-15T06:00:00Z,previsions/2025-03/pv_prev_20250315T06Z.csv.gz,1440,1,3.155,3.397,0.0399,0.0574
2025-03-15T12:00:00Z,previsions/2025-03/pv_prev_20250315T12Z.csv.gz,1440,1,5.149,5.266,0.0285,0.0461
2025-03-15T18:00:00Z,previsions/2025-03/pv_prev_20250315T18Z.csv.gz,1440,1,6.561,6.268,0.0262,0.0353
2025-03-16T00:00:00Z,previsions/2025-03/pv_prev_20250316T00Z.csv.gz,1440,1,6.220,6.268,0.0183,0.0258
2025-03-16T06:00:00Z,previsions/2025-03/pv_prev_20250316T06Z.csv.gz,1440,1,6.474,6.268,0.0187,0.0267
2025-03-16T12:00:00Z,previsions/2025-03/pv_prev_20250316T12Z.csv.gz,1440,1,3.485,4.595,0.0957,0.1467
2025-03-16T18:00:00Z,previsions/2025-03/pv_prev_20250316T18Z.csv.gz,1440,1,4.955,3.298,0.1424,0.1730
2025-03-17T00:00:00Z,previsions/2025-03/pv_prev_20250317T00Z.csv.gz,1440,1,4.304,3.298,0.0899,0.1244
2025-03-17T06:00:00Z,previsions/2025-03/pv_prev_20250317T06Z.csv.gz,1440,1,3.083,3.298,0.0358,0.0568
2025-03-17T12:00:00Z,previsions/2025-03/pv_prev_20250317T12Z.csv.gz,1440,1,1.959,2.357,0.0407,0.0554
2025-03-17T18:00:00Z,previsions/2025-03/pv_prev_20250317T18Z.csv.gz,1440,1,1.421,1.196,0.0312,0.0424
2025-03-18T00:00:00Z,previsions/2025-03/pv_prev_20250318T00Z.csv.gz,1440,1,1.443,1.196,0.0303,0.0410
2025-03-18T06:00:00Z,previsions/2025-03/pv_prev_20250318T06Z.csv.gz,1440,1,1.400,1.196,0.0185,0.0242
2025-03-18T12:00:00Z,previsions/2025-03/pv_prev_20250318T12Z.csv.gz,1440,1,3.158,1.919,0.1091,0.1679
2025-03-18T18:00:00Z,previsions/2025-03/pv_prev_20250318T18Z.csv.gz,1440,1,2.399,2.860,0.0517,0.0675
2025-03-19T00:00:00Z,previsions/2025-03/pv_prev_20250319T00Z.csv.gz,1440,1,3.538,2.860,0.0641,0.0814
2025-03-19T06:00:00Z,previsions/2025-03/pv_prev_20250319T06Z.csv.gz,1440,1,3.362,2.860,0.0438,0.0574
2025-03-19T12:00:00Z,previsions/2025-03/pv_prev_20250319T12Z.csv.gz,1440,1,3.157,3.377,0.0548,0.0983
2025-03-19T18:00:00Z,previsions/2025-03/pv_prev_20250319T18Z.csv.gz,1440,1,3.101,3.923,0.0848,0.1114
2025-03-20T00:00:00Z,previsions/2025-03/pv_prev_20250320T00Z.csv.gz,1440,1,5.987,3.923,0.1754,0.2176
2025-03-20T06:00:00Z,previsions/2025-03/pv_prev_20250320T06Z.csv.gz,1440,1,4.215,3.923,0.0324,0.0558
2025-03-20T12:00:00Z,previsions/2025-03/pv_prev_20250320T12Z.csv.gz,1440,1,2.469,2.650,0.0311,0.0442
2025-03-20T18:00:00Z,previsions/2025-03/pv_prev_20250320T18Z.csv.gz,1440,1,1.602,1.395,0.0198,0.0265
2025-03-21T00:00:00Z,previsions/2025-03/pv_prev_20250321T00Z.csv.gz,1440,1,0.731,1.395,0.0562,0.0688
2025-03-21T06:00:00Z,previsions/2025-03/pv_prev_20250321T06Z.csv.gz,1440,1,1.325,1.395,0.0113,0.0163
2025-03-21T12:00:00Z,previsions/2025-03/pv_prev_20250321T12Z.csv.gz,1440,1,0.901,0.908,0.0092,0.0143
2025-03-21T18:00:00Z,previsions/2025-03/pv_prev_20250321T18Z.csv.gz,1440,1,0.433,0.561,0.0197,0.0270
2025-03-22T00:00:00Z,previsions/2025-03/pv_prev_20250322T00Z.csv.gz,1440,1,0.527,0.561,0.0096,0.0126
2025-03-22T06:00:00Z,previsions/2025-03/pv_prev_20250322T06Z.csv.gz,1440,1,0.665,0.561,0.0101,0.0140
2025-03-22T12:00:00Z,previsions/2025-03/pv_prev_20250322T12Z.csv.gz,1440,1,1.232,1.322,0.0116,0.0188
2025-03-22T18:00:00Z,previsions/2025-03/pv_prev_20250322T18Z.csv.gz,1440,1,2.253,2.055,0.0320,0.0403
2025-03-23T00:00:00Z,previsions/2025-03/pv_prev_20250323T00Z.csv.gz,1440,1,1.639,2.055,0.0348,0.0442
2025-03-23T06:00:00Z,previsions/2025-03/pv_prev_20250323T06Z.csv.gz,1440,1,2.151,2.055,0.0099,0.0139
2025-03-23T12:00:00Z,previsions/2025-03/pv_prev_20250323T12Z.csv.gz,1440,1,1.979,1.671,0.0257,0.0388
2025-03-23T18:00:00Z,previsions/2025-03/pv_prev_20250323T18Z.csv.gz,1440,1,1.112,1.275,0.0207,0.0292
2025-03-24T00:00:00Z,previsions/2025-03/pv_prev_20250324T00Z.csv.gz,1440,1,1.438,1.275,0.0182,0.0291
2025-03-24T06:00:00Z,previsions/2025-03/pv_prev_20250324T06Z.csv.gz,1440,1,1.163,1.278,0.0147,0.0224
2025-03-24T12:00:00Z,previsions/2025-03/pv_prev_20250324T12Z.csv.gz,1440,1,2.335,2.763,0.0430,0.0748
2025-03-24T18:00:00Z,previsions/2025-03/pv_prev_20250324T18Z.csv.gz,1440,1,5.817,4.009,0.1502,0.1899
2025-03-25T00:00:00Z,previsions/2025-03/pv_prev_20250325T00Z.csv.gz,1440,1,5.832,4.009,0.1515,0.1804
2025-03-25T06:00:00Z,previsions/2025-03/pv_prev_20250325T06Z.csv.gz,1440,1,4.136,4.008,0.0316,0.0575
2025-03-25T12:00:00Z,previsions/2025-03/pv_prev_20250325T12Z.csv.gz,1440,1,2.439,2.792,0.0397,0.0575
2025-03-25T18:00:00Z,previsions/2025-03/pv_prev_20250325T18Z.csv.gz,1440,1,1.972,1.765,0.0211,0.0284
2025-03-26T00:00:00Z,previsions/2025-03/pv_prev_20250326T00Z.csv.gz,1440,1,1.948,1.765,0.0210,0.0313
2025-03-26T06:00:00Z,previsions/2025-03/pv_prev_20250326T06Z.csv.gz,1440,1,1.912,1.768,0.0133,0.0185
2025-03-26T12:00:00Z,previsions/2025-03/pv_prev_20250326T12Z.csv.gz,1440,1,1.780,2.915,0.1028,0.1599
2025-03-26T18:00:00Z,previsions/2025-03/pv_prev_20250326T18Z.csv.gz,1440,1,1.641,3.867,0.1843,0.2127
2025-03-27T00:00:00Z,previsions/2025-03/pv_prev_20250327T00Z.csv.gz,1440,1,2.680,3.867,0.1041,0.1271
2025-03-27T06:00:00Z,previsions/2025-03/pv_prev_20250327T06Z.csv.gz,1440,1,3.467,3.864,0.0564,0.0787
2025-03-27T12:00:00Z,previsions/2025-03/pv_prev_20250327T12Z.csv.gz,1440,1,1.705,2.264,0.0583,0.0751
2025-03-27T18:00:00Z,previsions/2025-03/pv_prev_20250327T18Z.csv.gz,1440,1,1.052,0.934,0.0160,0.0229
2025-03-28T00:00:00Z,previsions/2025-03/pv_prev_20250328T00Z.csv.gz,1440,1,0.677,0.934,0.0223,0.0291
2025-03-28T06:00:00Z,previsions/2025-03/pv_prev_20250328T06Z.csv.gz,1440,1,0.791,0.940,0.0140,0.0187
2025-03-28T12:00:00Z,previsions/2025-03/pv_prev_20250328T12Z.csv.gz,1440,1,1.174,3.204,0.1673,0.2673
2025-03-28T18:00:00Z,previsions/2025-03/pv_prev_20250328T18Z.csv.gz,1440,1,7.390,5.013,0.1943,0.2243
2025-03-29T00:00:00Z,previsions/2025-03/pv_prev_20250329T00Z.csv.gz,1440,1,5.397,5.013,0.0438,0.0746
2025-03-29T06:00:00Z,previsions/2025-03/pv_prev_20250329T06Z.csv.gz,1440,1,6.810,5.017,0.1463,0.1839
2025-03-29T12:00:00Z,previsions/2025-03/pv_prev_20250329T12Z.csv.gz,1440,1,4.952,5.675,0.0706,0.0970
2025-03-29T18:00:00Z,previsions/2025-03/pv_prev_20250329T18Z.csv.gz,1440,1,6.390,6.327,0.0148,0.0198
2025-03-30T00:00:00Z,previsions/2025-03/pv_prev_20250330T00Z.csv.gz,1440,1,5.877,6.327,0.0376,0.0485
2025-03-30T06:00:00Z,previsions/2025-03/pv_prev_20250330T06Z.csv.gz,1440,1,6.662,6.329,0.0276,0.0340
2025-03-30T12:00:00Z,previsions/2025-03/pv_prev_20250330T12Z.csv.gz,1440,1,6.752,6.488,0.0273,0.0396
2025-03-30T18:00:00Z,previsions/2025-03/pv_prev_20250330T18Z.csv.gz,1440,1,7.345,6.512,0.0676,0.0818
2025-03-31T00:00:00Z,previsions/2025-03/pv_prev_20250331T00Z.csv.gz,1440,1,5.345,6.512,0.0946,0.1117
2025-03-31T06:00:00Z,previsions/2025-03/pv_prev_20250331T06Z.csv.gz,1440,1,6.156,6.506,0.0284,0.0356
2025-03-31T12:00:00Z,previsions/2025-03/pv_prev_20250331T12Z.csv.gz,1440,1,4.153,5.578,0.1224,0.2167
2025-03-31T18:00:00Z,previsions/2025-03/pv_prev_20250331T18Z.csv.gz,1440,1,1.702,4.571,0.2344,0.2921
2025-04-01T00:00:00Z,previsions/2025-04/pv_prev_20250401T00Z.csv.gz,1440,1,5.211,4.571,0.0835,0.1259
2025-04-01T06:00:00Z,previsions/2025-04/pv_prev_20250401T06Z.csv.gz,1440,1,4.581,4.569,0.0438,0.0884
2025-04-01T12:00:00Z,previsions/2025-04/pv_prev_20250401T12Z.csv.gz,1440,1,2.753,2.832,0.0168,0.0231
2025-04-01T18:00:00Z,previsions/2025-04/pv_prev_20250401T18Z.csv.gz,1440,1,1.943,1.652,0.0262,0.0364
2025-04-02T00:00:00Z,previsions/2025-04/pv_prev_20250402T00Z.csv.gz,1440,1,1.359,1.652,0.0239,0.0292
2025-04-02T06:00:00Z,previsions/2025-04/pv_prev_20250402T06Z.csv.gz,1440,1,1.733,1.650,0.0090,0.0129
2025-04-02T12:00:00Z,previsions/2025-04/pv_prev_20250402T12Z.csv.gz,1440,1,1.759,1.683,0.0212,0.0364
2025-04-02T18:00:00Z,previsions/2025-04/pv_prev_20250402T18Z.csv.gz,1440,1,1.626,1.738,0.0132,0.0183
2025-04-03T00:00:00Z,previsions/2025-04/pv_prev_20250403T00Z.csv.gz,1440,1,1.969,1.738,0.0199,0.0261
2025-04-03T06:00:00Z,previsions/2025-04/pv_prev_20250403T06Z.csv.gz,1440,1,1.559,1.739,0.0163,0.0219
2025-04-03T12:00:00Z,previsions/2025-04/pv_prev_20250403T12Z.csv.gz,1440,1,1.349,1.721,0.0302,0.0443
2025-04-03T18:00:00Z,previsions/2025-04/pv_prev_20250403T18Z.csv.gz,1440,1,2.092,1.914,0.0194,0.0251
2025-04-04T00:00:00Z,previsions/2025-04/pv_prev_20250404T00Z.csv.gz,1440,1,1.852,1.914,0.0121,0.0188
2025-04-04T06:00:00Z,previsions/2025-04/pv_prev_20250404T06Z.csv.gz,1440,1,1.988,1.919,0.0095,0.0133
2025-04-04T12:00:00Z,previsions/2025-04/pv_prev_20250404T12Z.csv.gz,1440,1,2.498,2.008,0.0422,0.0645
2025-04-04T18:00:00Z,previsions/2025-04/pv_prev_20250404T18Z.csv.gz,1440,1,1.585,1.830,0.0234,0.0321
2025-04-05T00:00:00Z,previsions/2025-04/pv_prev_20250405T00Z.csv.gz,1440,1,1.720,1.830,0.0212,0.0316
2025-04-05T06:00:00Z,previsions/2025-04/pv_prev_20250405T06Z.csv.gz,1440,1,1.973,1.829,0.0160,0.0254
2025-04-05T12:00:00Z,previsions/2025-04/pv_prev_20250405T12Z.csv.gz,1440,1,2.404,1.954,0.0361,0.0537
2025-04-05T18:00:00Z,previsions/2025-04/pv_prev_20250405T18Z.csv.gz,1440,1,1.574,2.288,0.0568,0.0715
2025-04-06T00:00:00Z,previsions/2025-04/pv_prev_20250406T00Z.csv.gz,1440,1,2.516,2.288,0.0211,0.0280
2025-04-06T06:00:00Z,previsions/2025-04/pv_prev_20250406T06Z.csv.gz,1440,1,2.154,2.291,0.0166,0.0232
2025-04-06T12:00:00Z,previsions/2025-04/pv_prev_20250406T12Z.csv.gz,1440,1,2.034,2.511,0.0422,0.0721
2025-04-06T18:00:00Z,previsions/2025-04/pv_prev_20250406T18Z.csv.gz,1440,1,2.604,2.775,0.0238,0.0338
2025-04-07T00:00:00Z,previsions/2025-04/pv_prev_20250407T00Z.csv.gz,1440,1,2.563,2.775,0.0210,0.0325
2025-04-07T06:00:00Z,previsions/2025-04/pv_prev_20250407T06Z.csv.gz,1440,1,2.816,2.777,0.0140,0.0206
2025-04-07T12:00:00Z,previsions/2025-04/pv_prev_20250407T12Z.csv.gz,1440,1,2.524,2.786,0.0219,0.0301
2025-04-07T18:00:00Z,previsions/2025-04/pv_prev_20250407T18Z.csv.gz,1440,1,3.458,2.565,0.0703,0.0854
2025-04-08T00:00:00Z,previsions/2025-04/pv_prev_20250408T00Z.csv.gz,1440,1,3.197,2.565,0.0496,0.0597
2025-04-08T06:00:00Z,previsions/2025-04/pv_prev_20250408T06Z.csv.gz,1440,1,2.453,2.563,0.0136,0.0185
2025-04-08T12:00:00Z,previsions/2025-04/pv_prev_20250408T12Z.csv.gz,1440,1,2.418,2.204,0.0178,0.0232
2025-04-08T18:00:00Z,previsions/2025-04/pv_prev_20250408T18Z.csv.gz,1440,1,1.951,1.945,0.0142,0.0194
2025-04-09T00:00:00Z,previsions/2025-04/pv_prev_20250409T00Z.csv.gz,1440,1,2.298,1.945,0.0292,0.0382
2025-04-09T06:00:00Z,previsions/2025-04/pv_prev_20250409T06Z.csv.gz,1440,1,1.942,1.972,0.0131,0.0194
2025-04-09T12:00:00Z,previsions/2025-04/pv_prev_20250409T12Z.csv.gz,1440,1,5.235,3.711,0.1201,0.2216
2025-04-09T18:00:00Z,previsions/2025-04/pv_prev_20250409T18Z.csv.gz,1440,1,2.856,5.216,0.1982,0.2395
2025-04-10T00:00:00Z,previsions/2025-04/pv_prev_20250410T00Z.csv.gz,1440,1,2.688,5.216,0.2088,0.2503
2025-04-10T06:00:00Z,previsions/2025-04/pv_prev_20250410T06Z.csv.gz,1440,1,4.421,5.207,0.0932,0.1234
2025-04-10T12:00:00Z,previsions/2025-04/pv_prev_20250410T12Z.csv.gz,1440,1,3.890,5.396,0.1380,0.2089
2025-04-10T18:00:00Z,previsions/2025-04/pv_prev_20250410T18Z.csv.gz,1440,1,5.204,5.284,0.0365,0.0538
2025-04-11T00:00:00Z,previsions/2025-04/pv_prev_20250411T00Z.csv.gz,1440,1,4.728,5.284,0.0481,0.0624
2025-04-11T06:00:00Z,previsions/2025-04/pv_prev_20250411T06Z.csv.gz,1440,1,5.136,5.297,0.0276,0.0405
2025-04-11T12:00:00Z,previsions/2025-04/pv_prev_20250411T12Z.csv.gz,1440,1,6.684,6.523,0.0159,0.0272
2025-04-11T18:00:00Z,previsions/2025-04/pv_prev_20250411T18Z.csv.gz,1440,1,5.482,7.671,0.1695,0.1987
2025-04-12T00:00:00Z,previsions/2025-04/pv_prev_20250412T00Z.csv.gz,1440,1,7.218,7.672,0.0353,0.0432
2025-04-12T06:00:00Z,previsions/2025-04/pv_prev_20250412T06Z.csv.gz,1440,1,7.389,7.671,0.0236,0.0326
2025-04-12T12:00:00Z,previsions/2025-04/pv_prev_20250412T12Z.csv.gz,1440,1,6.662,7.304,0.0552,0.0852
2025-04-12T18:00:00Z,previsions/2025-04/pv_prev_20250412T18Z.csv.gz,1440,1,7.755,7.133,0.0480,0.0590
2025-04-13T00:00:00Z,previsions/2025-04/pv_prev_20250413T00Z.csv.gz,1440,1,7.705,7.133,0.0441,0.0550
2025-04-13T06:00:00Z,previsions/2025-04/pv_prev_20250413T06Z.csv.gz,1440,1,7.197,7.134,0.0101,0.0136
2025-04-13T12:00:00Z,previsions/2025-04/pv_prev_20250413T12Z.csv.gz,1440,1,7.073,7.129,0.0187,0.0266
2025-04-13T18:00:00Z,previsions/2025-04/pv_prev_20250413T18Z.csv.gz,1440,1,7.271,6.962,0.0297,0.0406
2025-04-14T00:00:00Z,previsions/2025-04/pv_prev_20250414T00Z.csv.gz,1440,1,7.487,6.962,0.0403,0.0507
2025-04-14T06:00:00Z,previsions/2025-04/pv_prev_20250414T06Z.csv.gz,1440,1,7.117,6.966,0.0166,0.0227
2025-04-14T12:00:00Z,previsions/2025-04/pv_prev_20250414T12Z.csv.gz,1440,1,7.259,7.027,0.0200,0.0296
2025-04-14T18:00:00Z,previsions/2025-04/pv_prev_20250414T18Z.csv.gz,1440,1,7.824,7.403,0.0372,0.0502
2025-04-15T00:00:00Z,previsions/2025-04/pv_prev_20250415T00Z.csv.gz,1440,1,7.045,7.403,0.0276,0.0347
2025-04-15T06:00:00Z,previsions/2025-04/pv_prev_20250415T06Z.csv.gz,1440,1,7.453,7.409,0.0092,0.0123
2025-04-15T12:00:00Z,previsions/2025-04/pv_prev_20250415T12Z.csv.gz,1440,1,7.799,7.590,0.0228,0.0318
2025-04-15T18:00:00Z,previsions/2025-04/pv_prev_20250415T18Z.csv.gz,1440,1,6.502,7.439,0.0716,0.0860
2025-04-16T00:00:00Z,previsions/2025-04/pv_prev_20250416T00Z.csv.gz,1440,1,5.544,7.440,0.1445,0.1726
2025-04-16T06:00:00Z,previsions/2025-04/pv_prev_20250416T06Z.csv.gz,1440,1,7.223,7.410,0.0158,0.0215
2025-04-16T12:00:00Z,previsions/2025-04/pv_prev_20250416T12Z.csv.gz,1440,1,7.819,5.472,0.1787,0.2640
2025-04-16T18:00:00Z,previsions/2025-04/pv_prev_20250416T18Z.csv.gz,1440,1,4.356,3.503,0.0923,0.1354
2025-04-17T00:00:00Z,previsions/2025-04/pv_prev_20250417T00Z.csv.gz,1440,1,3.501,3.501,0.0506,0.0719
2025-04-17T06:00:00Z,previsions/2025-04/pv_prev_20250417T06Z.csv.gz,1440,1,4.705,3.494,0.0920,0.1191
2025-04-17T12:00:00Z,previsions/2025-04/pv_prev_20250417T12Z.csv.gz,1440,1,1.967,3.813,0.1446,0.2088
2025-04-17T18:00:00Z,previsions/2025-04/pv_prev_20250417T18Z.csv.gz,1440,1,3.572,4.322,0.0783,0.1034
2025-04-18T00:00:00Z,previsions/2025-04/pv_prev_20250418T00Z.csv.gz,1440,1,3.056,4.323,0.1099,0.1506
2025-04-18T06:00:00Z,previsions/2025-04/pv_prev_20250418T06Z.csv.gz,1440,1,4.406,4.365,0.0318,0.0622
2025-04-18T12:00:00Z,previsions/2025-04/pv_prev_20250418T12Z.csv.gz,1440,1,4.674,5.677,0.0952,0.1259
2025-04-18T18:00:00Z,previsions/2025-04/pv_prev_20250418T18Z.csv.gz,1440,1,7.861,6.783,0.0813,0.0963
2025-04-19T00:00:00Z,previsions/2025-04/pv_prev_20250419T00Z.csv.gz,1440,1,7.408,6.784,0.0474,0.0571
2025-04-19T06:00:00Z,previsions/2025-04/pv_prev_20250419T06Z.csv.gz,1440,1,7.297,6.792,0.0383,0.0494
2025-04-19T12:00:00Z,previsions/2025-04/pv_prev_20250419T12Z.csv.gz,1440,1,5.592,7.194,0.1206,0.1699
2025-04-19T18:00:00Z,previsions/2025-04/pv_prev_20250419T18Z.csv.gz,1440,1,7.957,7.570,0.0293,0.0366
2025-04-20T00:00:00Z,previsions/2025-04/pv_prev_20250420T00Z.csv.gz,1440,1,7.752,7.570,0.0191,0.0247
2025-04-20T06:00:00Z,previsions/2025-04/pv_prev_20250420T06Z.csv.gz,1440,1,7.689,7.573,0.0122,0.0162
2025-04-20T12:00:00Z,previsions/2025-04/pv_prev_20250420T12Z.csv.gz,1440,1,7.933,7.640,0.0220,0.0277
2025-04-20T18:00:00Z,previsions/2025-04/pv_prev_20250420T18Z.csv.gz,1440,1,7.956,7.756,0.0159,0.0222
2025-04-21T00:00:00Z,previsions/2025-04/pv_prev_20250421T00Z.csv.gz,1440,1,6.648,7.756,0.0831,0.0972
2025-04-21T06:00:00Z,previsions/2025-04/pv_prev_20250421T06Z.csv.gz,1440,1,7.744,7.758,0.0089,0.0132
2025-04-21T12:00:00Z,previsions/2025-04/pv_prev_20250421T12Z.csv.gz,1440,1,7.881,7.632,0.0218,0.0314
2025-04-21T18:00:00Z,previsions/2025-04/pv_prev_20250421T18Z.csv.gz,1440,1,6.893,7.511,0.0462,0.0617
2025-04-22T00:00:00Z,previsions/2025-04/pv_prev_20250422T00Z.csv.gz,1440,1,7.232,7.511,0.0235,0.0322
2025-04-22T06:00:00Z,previsions/2025-04/pv_prev_20250422T06Z.csv.gz,1440,1,7.845,7.512,0.0270,0.0369
2025-04-22T12:00:00Z,previsions/2025-04/pv_prev_20250422T12Z.csv.gz,1440,1,7.719,7.314,0.0305,0.0427
2025-04-22T18:00:00Z,previsions/2025-04/pv_prev_20250422T18Z.csv.gz,1440,1,7.950,7.086,0.0644,0.0770
2025-04-23T00:00:00Z,previsions/2025-04/pv_prev_20250423T00Z.csv.gz,1440,1,7.943,7.087,0.0637,0.0760
2025-04-23T06:00:00Z,previsions/2025-04/pv_prev_20250423T06Z.csv.gz,1440,1,6.579,7.087,0.0379,0.0489
2025-04-23T12:00:00Z,previsions/2025-04/pv_prev_20250423T12Z.csv.gz,1440,1,7.231,6.987,0.0189,0.0316
2025-04-23T18:00:00Z,previsions/2025-04/pv_prev_20250423T18Z.csv.gz,1440,1,7.075,6.946,0.0222,0.0333
2025-04-24T00:00:00Z,previsions/2025-04/pv_prev_20250424T00Z.csv.gz,1440,1,7.838,6.947,0.0660,0.0793
2025-04-24T06:00:00Z,previsions/2025-04/pv_prev_20250424T06Z.csv.gz,1440,1,6.508,6.952,0.0346,0.0471
2025-04-24T12:00:00Z,previsions/2025-04/pv_prev_20250424T12Z.csv.gz,1440,1,7.399,7.259,0.0208,0.0273
2025-04-24T18:00:00Z,previsions/2025-04/pv_prev_20250424T18Z.csv.gz,1440,1,5.425,7.460,0.1506,0.1744
2025-04-25T00:00:00Z,previsions/2025-04/pv_prev_20250425T00Z.csv.gz,1440,1,7.761,7.461,0.0225,0.0307
2025-04-25T06:00:00Z,previsions/2025-04/pv_prev_20250425T06Z.csv.gz,1440,1,6.952,7.461,0.0378,0.0493
2025-04-25T12:00:00Z,previsions/2025-04/pv_prev_20250425T12Z.csv.gz,1440,1,6.998,7.150,0.0219,0.0330
2025-04-25T18:00:00Z,previsions/2025-04/pv_prev_20250425T18Z.csv.gz,1440,1,6.742,6.841,0.0234,0.0334
2025-04-26T00:00:00Z,previsions/2025-04/pv_prev_20250426T00Z.csv.gz,1440,1,7.199,6.842,0.0272,0.0393
2025-04-26T06:00:00Z,previsions/2025-04/pv_prev_20250426T06Z.csv.gz,1440,1,5.868,6.844,0.0717,0.0858
2025-04-26T12:00:00Z,previsions/2025-04/pv_prev_20250426T12Z.csv.gz,1440,1,7.044,6.620,0.0348,0.0521
2025-04-26T18:00:00Z,previsions/2025-04/pv_prev_20250426T18Z.csv.gz,1440,1,7.692,6.739,0.0700,0.0814
2025-04-27T00:00:00Z,previsions/2025-04/pv_prev_20250427T00Z.csv.gz,1440,1,7.916,6.739,0.0864,0.1039
2025-04-27T06:00:00Z,previsions/2025-04/pv_prev_20250427T06Z.csv.gz,1440,1,7.091,6.747,0.0253,0.0323
2025-04-27T12:00:00Z,previsions/2025-04/pv_prev_20250427T12Z.csv.gz,1440,1,7.491,7.262,0.0171,0.0263
2025-04-27T18:00:00Z,previsions/2025-04/pv_prev_20250427T18Z.csv.gz,1440,1,6.795,7.391,0.0445,0.0649
2025-04-28T00:00:00Z,previsions/2025-04/pv_prev_20250428T00Z.csv.gz,1440,1,7.618,7.393,0.0217,0.0327
2025-04-28T06:00:00Z,previsions/2025-04/pv_prev_20250428T06Z.csv.gz,1440,1,7.424,7.314,0.0087,0.0126
2025-04-28T12:00:00Z,previsions/2025-04/pv_prev_20250428T12Z.csv.gz,1440,1,4.057,3.784,0.0229,0.0286
2025-04-28T18:00:00Z,previsions/2025-04/pv_prev_20250428T18Z.csv.gz,1440,1,1.466,1.373,0.0257,0.0340
2025-04-29T00:00:00Z,previsions/2025-04/pv_prev_20250429T00Z.csv.gz,1440,1,1.371,1.366,0.0227,0.0313
2025-04-29T06:00:00Z,previsions/2025-04/pv_prev_20250429T06Z.csv.gz,1440,1,1.324,1.369,0.0110,0.0159
2025-04-29T12:00:00Z,previsions/2025-04/pv_prev_20250429T12Z.csv.gz,1440,1,1.365,1.337,0.0165,0.0241
2025-04-29T18:00:00Z,previsions/2025-04/pv_prev_20250429T18Z.csv.gz,1440,1,0.568,1.034,0.0342,0.0435
2025-04-30T00:00:00Z,previsions/2025-04/pv_prev_20250430T00Z.csv.gz,1440,1,1.028,1.034,0.0164,0.0239
2025-04-30T06:00:00Z,previsions/2025-04/pv_prev_20250430T06Z.csv.gz,1440,1,1.020,1.104,0.0157,0.0236
2025-04-30T12:00:00Z,previsions/2025-04/pv_prev_20250430T12Z.csv.gz,1440,1,2.609,3.356,0.0570,0.0898
2025-04-30T18:00:00Z,previsions/2025-04/pv_prev_20250430T18Z.csv.gz,1440,1,4.669,4.731,0.0484,0.0621
2025-05-01T00:00:00Z,previsions/2025-05/pv_prev_20250501T00Z.csv.gz,1440,1,4.965,4.736,0.0408,0.0574
2025-05-01T06:00:00Z,previsions/2025-05/pv_prev_20250501T06Z.csv.gz,1440,1,5.078,4.756,0.0424,0.0588
2025-05-01T12:00:00Z,previsions/2025-05/pv_prev_20250501T12Z.csv.gz,1440,1,6.322,6.045,0.0384,0.0572
2025-05-01T18:00:00Z,previsions/2025-05/pv_prev_20250501T18Z.csv.gz,1440,1,4.746,7.622,0.2091,0.2559
2025-05-02T00:00:00Z,previsions/2025-05/pv_prev_20250502T00Z.csv.gz,1440,1,7.025,7.625,0.0477,0.0683
2025-05-02T06:00:00Z,previsions/2025-05/pv_prev_20250502T06Z.csv.gz,1440,1,8.044,7.568,0.0380,0.0610
2025-05-02T12:00:00Z,previsions/2025-05/pv_prev_20250502T12Z.csv.gz,1440,1,4.774,4.702,0.0182,0.0270
2025-05-02T18:00:00Z,previsions/2025-05/pv_prev_20250502T18Z.csv.gz,1440,1,2.260,2.420,0.0178,0.0233
2025-05-03T00:00:00Z,previsions/2025-05/pv_prev_20250503T00Z.csv.gz,1440,1,2.499,2.415,0.0118,0.0167
2025-05-03T06:00:00Z,previsions/2025-05/pv_prev_20250503T06Z.csv.gz,1440,1,2.071,2.397,0.0237,0.0297
2025-05-03T12:00:00Z,previsions/2025-05/pv_prev_20250503T12Z.csv.gz,1440,1,2.589,2.365,0.0187,0.0290
2025-05-03T18:00:00Z,previsions/2025-05/pv_prev_20250503T18Z.csv.gz,1440,1,1.921,2.393,0.0356,0.0457
2025-05-04T00:00:00Z,previsions/2025-05/pv_prev_20250504T00Z.csv.gz,1440,1,2.051,2.391,0.0260,0.0342
2025-05-04T06:00:00Z,previsions/2025-05/pv_prev_20250504T06Z.csv.gz,1440,1,2.163,2.398,0.0184,0.0242
2025-05-04T12:00:00Z,previsions/2025-05/pv_prev_20250504T12Z.csv.gz,1440,1,2.394,2.367,0.0196,0.0264
2025-05-04T18:00:00Z,previsions/2025-05/pv_prev_20250504T18Z.csv.gz,1440,1,1.813,1.784,0.0139,0.0209
2025-05-05T00:00:00Z,previsions/2025-05/pv_prev_20250505T00Z.csv.gz,1440,1,1.918,1.784,0.0146,0.0219
2025-05-05T06:00:00Z,previsions/2025-05/pv_prev_20250505T06Z.csv.gz,1440,1,1.833,1.866,0.0107,0.0158
2025-05-05T12:00:00Z,previsions/2025-05/pv_prev_20250505T12Z.csv.gz,1440,1,3.404,4.823,0.1026,0.1529
2025-05-05T18:00:00Z,previsions/2025-05/pv_prev_20250505T18Z.csv.gz,1440,1,7.302,7.548,0.0224,0.0309
2025-05-06T00:00:00Z,previsions/2025-05/pv_prev_20250506T00Z.csv.gz,1440,1,7.552,7.559,0.0169,0.0233
2025-05-06T06:00:00Z,previsions/2025-05/pv_prev_20250506T06Z.csv.gz,1440,1,6.794,7.561,0.0547,0.0689
2025-05-06T12:00:00Z,previsions/2025-05/pv_prev_20250506T12Z.csv.gz,1440,1,7.187,7.361,0.0135,0.0209
2025-05-06T18:00:00Z,previsions/2025-05/pv_prev_20250506T18Z.csv.gz,1440,1,8.187,7.107,0.0770,0.0954
2025-05-07T00:00:00Z,previsions/2025-05/pv_prev_20250507T00Z.csv.gz,1440,1,6.258,7.108,0.0604,0.0726
2025-05-07T06:00:00Z,previsions/2025-05/pv_prev_20250507T06Z.csv.gz,1440,1,7.662,7.110,0.0394,0.0499
2025-05-07T12:00:00Z,previsions/2025-05/pv_prev_20250507T12Z.csv.gz,1440,1,6.518,7.306,0.0572,0.0905
2025-05-07T18:00:00Z,previsions/2025-05/pv_prev_20250507T18Z.csv.gz,1440,1,7.012,7.630,0.0440,0.0543
2025-05-08T00:00:00Z,previsions/2025-05/pv_prev_20250508T00Z.csv.gz,1440,1,8.225,7.631,0.0424,0.0524
2025-05-08T06:00:00Z,previsions/2025-05/pv_prev_20250508T06Z.csv.gz,1440,1,7.071,7.634,0.0399,0.0491
2025-05-08T12:00:00Z,previsions/2025-05/pv_prev_20250508T12Z.csv.gz,1440,1,8.178,7.441,0.0524,0.0702
2025-05-08T18:00:00Z,previsions/2025-05/pv_prev_20250508T18Z.csv.gz,1440,1,8.183,7.191,0.0704,0.0874
2025-05-09T00:00:00Z,previsions/2025-05/pv_prev_20250509T00Z.csv.gz,1440,1,8.223,7.192,0.0732,0.0904
2025-05-09T06:00:00Z,previsions/2025-05/pv_prev_20250509T06Z.csv.gz,1440,1,7.531,7.142,0.0277,0.0344
2025-05-09T12:00:00Z,previsions/2025-05/pv_prev_20250509T12Z.csv.gz,1440,1,7.289,5.868,0.1014,0.1667
2025-05-09T18:00:00Z,previsions/2025-05/pv_prev_20250509T18Z.csv.gz,1440,1,5.344,5.404,0.0382,0.0567
2025-05-10T00:00:00Z,previsions/2025-05/pv_prev_20250510T00Z.csv.gz,1440,1,6.953,5.405,0.1105,0.1510
2025-05-10T06:00:00Z,previsions/2025-05/pv_prev_20250510T06Z.csv.gz,1440,1,6.386,5.462,0.0663,0.0894
2025-05-10T12:00:00Z,previsions/2025-05/pv_prev_20250510T12Z.csv.gz,1440,1,7.343,7.326,0.0117,0.0192
2025-05-10T18:00:00Z,previsions/2025-05/pv_prev_20250510T18Z.csv.gz,1440,1,7.150,8.201,0.0742,0.0914
2025-05-11T00:00:00Z,previsions/2025-05/pv_prev_20250511T00Z.csv.gz,1440,1,8.312,8.202,0.0117,0.0182
2025-05-11T06:00:00Z,previsions/2025-05/pv_prev_20250511T06Z.csv.gz,1440,1,7.791,8.205,0.0292,0.0357
2025-05-11T12:00:00Z,previsions/2025-05/pv_prev_20250511T12Z.csv.gz,1440,1,7.362,8.228,0.0610,0.0962
2025-05-11T18:00:00Z,previsions/2025-05/pv_prev_20250511T18Z.csv.gz,1440,1,8.266,8.287,0.0081,0.0125
2025-05-12T00:00:00Z,previsions/2025-05/pv_prev_20250512T00Z.csv.gz,1440,1,8.365,8.288,0.0098,0.0141
2025-05-12T06:00:00Z,previsions/2025-05/pv_prev_20250512T06Z.csv.gz,1440,1,7.938,8.290,0.0258,0.0365
2025-05-12T12:00:00Z,previsions/2025-05/pv_prev_20250512T12Z.csv.gz,1440,1,8.324,8.072,0.0186,0.0323
2025-05-12T18:00:00Z,previsions/2025-05/pv_prev_20250512T18Z.csv.gz,1440,1,8.289,7.936,0.0253,0.0379
2025-05-13T00:00:00Z,previsions/2025-05/pv_prev_20250513T00Z.csv.gz,1440,1,7.988,7.937,0.0142,0.0222
2025-05-13T06:00:00Z,previsions/2025-05/pv_prev_20250513T06Z.csv.gz,1440,1,7.473,7.937,0.0326,0.0415
2025-05-13T12:00:00Z,previsions/2025-05/pv_prev_20250513T12Z.csv.gz,1440,1,8.164,7.747,0.0371,0.0552
2025-05-13T18:00:00Z,previsions/2025-05/pv_prev_20250513T18Z.csv.gz,1440,1,7.324,7.604,0.0231,0.0307
2025-05-14T00:00:00Z,previsions/2025-05/pv_prev_20250514T00Z.csv.gz,1440,1,8.360,7.604,0.0531,0.0681
2025-05-14T06:00:00Z,previsions/2025-05/pv_prev_20250514T06Z.csv.gz,1440,1,7.115,7.609,0.0344,0.0427
2025-05-14T12:00:00Z,previsions/2025-05/pv_prev_20250514T12Z.csv.gz,1440,1,7.653,7.634,0.0193,0.0245
2025-05-14T18:00:00Z,previsions/2025-05/pv_prev_20250514T18Z.csv.gz,1440,1,7.603,7.694,0.0197,0.0264
2025-05-15T00:00:00Z,previsions/2025-05/pv_prev_20250515T00Z.csv.gz,1440,1,7.847,7.695,0.0167,0.0230
2025-05-15T06:00:00Z,previsions/2025-05/pv_prev_20250515T06Z.csv.gz,1440,1,7.817,7.675,0.0109,0.0156
2025-05-15T12:00:00Z,previsions/2025-05/pv_prev_20250515T12Z.csv.gz,1440,1,4.878,6.077,0.0882,0.1433
2025-05-15T18:00:00Z,previsions/2025-05/pv_prev_20250515T18Z.csv.gz,1440,1,3.958,4.690,0.0688,0.0902
2025-05-16T00:00:00Z,previsions/2025-05/pv_prev_20250516T00Z.csv.gz,1440,1,3.389,4.685,0.1012,0.1243
2025-05-16T06:00:00Z,previsions/2025-05/pv_prev_20250516T06Z.csv.gz,1440,1,5.165,4.666,0.0447,0.0698
2025-05-16T12:00:00Z,previsions/2025-05/pv_prev_20250516T12Z.csv.gz,1440,1,4.134,4.907,0.0787,0.1146
2025-05-16T18:00:00Z,previsions/2025-05/pv_prev_20250516T18Z.csv.gz,1440,1,4.198,4.733,0.0555,0.0755
2025-05-17T00:00:00Z,previsions/2025-05/pv_prev_20250517T00Z.csv.gz,1440,1,4.542,4.735,0.0425,0.0561
2025-05-17T06:00:00Z,previsions/2025-05/pv_prev_20250517T06Z.csv.gz,1440,1,4.112,4.715,0.0459,0.0582
2025-05-17T12:00:00Z,previsions/2025-05/pv_prev_20250517T12Z.csv.gz,1440,1,4.786,3.717,0.0740,0.0895
2025-05-17T18:00:00Z,previsions/2025-05/pv_prev_20250517T18Z.csv.gz,1440,1,2.211,3.431,0.0849,0.1028
2025-05-18T00:00:00Z,previsions/2025-05/pv_prev_20250518T00Z.csv.gz,1440,1,2.575,3.424,0.0594,0.0730
2025-05-18T06:00:00Z,previsions/2025-05/pv_prev_20250518T06Z.csv.gz,1440,1,3.492,3.488,0.0119,0.0191
2025-05-18T12:00:00Z,previsions/2025-05/pv_prev_20250518T12Z.csv.gz,1440,1,6.125,5.936,0.0207,0.0313
2025-05-18T18:00:00Z,previsions/2025-05/pv_prev_20250518T18Z.csv.gz,1440,1,7.451,7.858,0.0288,0.0391
2025-05-19T00:00:00Z,previsions/2025-05/pv_prev_20250519T00Z.csv.gz,1440,1,7.687,7.872,0.0196,0.0282
2025-05-19T06:00:00Z,previsions/2025-05/pv_prev_20250519T06Z.csv.gz,1440,1,7.218,7.859,0.0447,0.0560
2025-05-19T12:00:00Z,previsions/2025-05/pv_prev_20250519T12Z.csv.gz,1440,1,6.373,7.025,0.0589,0.1041
2025-05-19T18:00:00Z,previsions/2025-05/pv_prev_20250519T18Z.csv.gz,1440,1,6.226,5.941,0.0385,0.0704
2025-05-20T00:00:00Z,previsions/2025-05/pv_prev_20250520T00Z.csv.gz,1440,1,6.149,5.938,0.0272,0.0554
2025-05-20T06:00:00Z,previsions/2025-05/pv_prev_20250520T06Z.csv.gz,1440,1,5.542,5.942,0.0377,0.0579
2025-05-20T12:00:00Z,previsions/2025-05/pv_prev_20250520T12Z.csv.gz,1440,1,4.993,6.237,0.1249,0.1810
2025-05-20T18:00:00Z,previsions/2025-05/pv_prev_20250520T18Z.csv.gz,1440,1,8.065,6.874,0.0819,0.1104
2025-05-21T00:00:00Z,previsions/2025-05/pv_prev_20250521T00Z.csv.gz,1440,1,6.689,6.878,0.0247,0.0381
2025-05-21T06:00:00Z,previsions/2025-05/pv_prev_20250521T06Z.csv.gz,1440,1,7.241,6.820,0.0347,0.0523
2025-05-21T12:00:00Z,previsions/2025-05/pv_prev_20250521T12Z.csv.gz,1440,1,5.821,5.204,0.0485,0.0812
2025-05-21T18:00:00Z,previsions/2025-05/pv_prev_20250521T18Z.csv.gz,1440,1,3.105,4.327,0.0871,0.1073
2025-05-22T00:00:00Z,previsions/2025-05/pv_prev_20250522T00Z.csv.gz,1440,1,4.489,4.320,0.0450,0.0651
2025-05-22T06:00:00Z,previsions/2025-05/pv_prev_20250522T06Z.csv.gz,1440,1,5.275,4.373,0.0622,0.0844
2025-05-22T12:00:00Z,previsions/2025-05/pv_prev_20250522T12Z.csv.gz,1440,1,3.183,4.689,0.1084,0.1460
2025-05-22T18:00:00Z,previsions/2025-05/pv_prev_20250522T18Z.csv.gz,1440,1,4.101,4.397,0.0473,0.0751
2025-05-23T00:00:00Z,previsions/2025-05/pv_prev_20250523T00Z.csv.gz,1440,1,5.585,4.393,0.0823,0.1142
2025-05-23T06:00:00Z,previsions/2025-05/pv_prev_20250523T06Z.csv.gz,1440,1,4.424,4.418,0.0539,0.0960
2025-05-23T12:00:00Z,previsions/2025-05/pv_prev_20250523T12Z.csv.gz,1440,1,6.392,6.291,0.0197,0.0300
2025-05-23T18:00:00Z,previsions/2025-05/pv_prev_20250523T18Z.csv.gz,1440,1,8.273,7.676,0.0413,0.0536
2025-05-24T00:00:00Z,previsions/2025-05/pv_prev_20250524T00Z.csv.gz,1440,1,6.913,7.691,0.0532,0.0646
2025-05-24T06:00:00Z,previsions/2025-05/pv_prev_20250524T06Z.csv.gz,1440,1,7.428,7.692,0.0185,0.0253
2025-05-24T12:00:00Z,previsions/2025-05/pv_prev_20250524T12Z.csv.gz,1440,1,7.747,7.499,0.0205,0.0361
2025-05-24T18:00:00Z,previsions/2025-05/pv_prev_20250524T18Z.csv.gz,1440,1,6.484,7.416,0.0708,0.0964
2025-05-25T00:00:00Z,previsions/2025-05/pv_prev_20250525T00Z.csv.gz,1440,1,7.977,7.418,0.0386,0.0485
2025-05-25T06:00:00Z,previsions/2025-05/pv_prev_20250525T06Z.csv.gz,1440,1,6.868,7.418,0.0374,0.0490
2025-05-25T12:00:00Z,previsions/2025-05/pv_prev_20250525T12Z.csv.gz,1440,1,6.909,7.184,0.0192,0.0289
2025-05-25T18:00:00Z,previsions/2025-05/pv_prev_20250525T18Z.csv.gz,1440,1,7.328,7.415,0.0105,0.0158
2025-05-26T00:00:00Z,previsions/2025-05/pv_prev_20250526T00Z.csv.gz,1440,1,6.918,7.416,0.0345,0.0439
2025-05-26T06:00:00Z,previsions/2025-05/pv_prev_20250526T06Z.csv.gz,1440,1,8.278,7.421,0.0588,0.0772
2025-05-26T12:00:00Z,previsions/2025-05/pv_prev_20250526T12Z.csv.gz,1440,1,7.332,7.936,0.0418,0.0733
2025-05-26T18:00:00Z,previsions/2025-05/pv_prev_20250526T18Z.csv.gz,1440,1,8.319,8.007,0.0225,0.0305
2025-05-27T00:00:00Z,previsions/2025-05/pv_prev_20250527T00Z.csv.gz,1440,1,7.031,8.008,0.0665,0.0830
2025-05-27T06:00:00Z,previsions/2025-05/pv_prev_20250527T06Z.csv.gz,1440,1,7.235,8.009,0.0525,0.0672
2025-05-27T12:00:00Z,previsions/2025-05/pv_prev_20250527T12Z.csv.gz,1440,1,8.003,7.815,0.0272,0.0379
2025-05-27T18:00:00Z,previsions/2025-05/pv_prev_20250527T18Z.csv.gz,1440,1,6.835,7.654,0.0556,0.0690
2025-05-28T00:00:00Z,previsions/2025-05/pv_prev_20250528T00Z.csv.gz,1440,1,7.598,7.655,0.0130,0.0178
2025-05-28T06:00:00Z,previsions/2025-05/pv_prev_20250528T06Z.csv.gz,1440,1,7.898,7.655,0.0189,0.0281
2025-05-28T12:00:00Z,previsions/2025-05/pv_prev_20250528T12Z.csv.gz,1440,1,7.633,7.559,0.0197,0.0259
2025-05-28T18:00:00Z,previsions/2025-05/pv_prev_20250528T18Z.csv.gz,1440,1,8.068,7.733,0.0248,0.0322
2025-05-29T00:00:00Z,previsions/2025-05/pv_prev_20250529T00Z.csv.gz,1440,1,8.223,7.734,0.0334,0.0437
2025-05-29T06:00:00Z,previsions/2025-05/pv_prev_20250529T06Z.csv.gz,1440,1,7.522,7.733,0.0154,0.0217
2025-05-29T12:00:00Z,previsions/2025-05/pv_prev_20250529T12Z.csv.gz,1440,1,6.721,7.708,0.0668,0.0961
2025-05-29T18:00:00Z,previsions/2025-05/pv_prev_20250529T18Z.csv.gz,1440,1,8.147,7.611,0.0364,0.0498
2025-05-30T00:00:00Z,previsions/2025-05/pv_prev_20250530T00Z.csv.gz,1440,1,7.252,7.611,0.0295,0.0443
2025-05-30T06:00:00Z,previsions/2025-05/pv_prev_20250530T06Z.csv.gz,1440,1,6.830,7.489,0.0447,0.0609
2025-05-30T12:00:00Z,previsions/2025-05/pv_prev_20250530T12Z.csv.gz,1440,1,4.001,4.270,0.0225,0.0361
2025-05-30T18:00:00Z,previsions/2025-05/pv_prev_20250530T18Z.csv.gz,1440,1,1.169,1.626,0.0394,0.0509
2025-05-31T00:00:00Z,previsions/2025-05/pv_prev_20250531T00Z.csv.gz,1440,1,1.462,1.594,0.0363,0.0476
2025-05-31T06:00:00Z,previsions/2025-05/pv_prev_20250531T06Z.csv.gz,1440,1,1.721,1.626,0.0125,0.0169
2025-05-31T12:00:00Z,previsions/2025-05/pv_prev_20250531T12Z.csv.gz,1440,1,2.768,2.250,0.0389,0.0616
2025-05-31T18:00:00Z,previsions/2025-05/pv_prev_20250531T18Z.csv.gz,1440,1,2.192,2.804,0.0422,0.0556
2025-06-01T00:00:00Z,previsions/2025-06/pv_prev_20250601T00Z.csv.gz,1440,1,2.670,2.819,0.0172,0.0256
2025-06-01T06:00:00Z,previsions/2025-06/pv_prev_20250601T06Z.csv.gz,1440,1,2.933,2.895,0.0120,0.0179
2025-06-01T12:00:00Z,previsions/2025-06/pv_prev_20250601T12Z.csv.gz,1440,1,1.456,3.539,0.1404,0.2041
2025-06-01T18:00:00Z,previsions/2025-06/pv_prev_20250601T18Z.csv.gz,1440,1,4.423,3.663,0.0532,0.0765
2025-06-02T00:00:00Z,previsions/2025-06/pv_prev_20250602T00Z.csv.gz,1440,1,4.423,3.670,0.0546,0.0814
2025-06-02T06:00:00Z,previsions/2025-06/pv_prev_20250602T06Z.csv.gz,1440,1,3.691,3.572,0.0253,0.0399
2025-06-02T12:00:00Z,previsions/2025-06/pv_prev_20250602T12Z.csv.gz,1440,1,3.314,2.520,0.0540,0.0711
2025-06-02T18:00:00Z,previsions/2025-06/pv_prev_20250602T18Z.csv.gz,1440,1,2.578,1.951,0.0423,0.0536
2025-06-03T00:00:00Z,previsions/2025-06/pv_prev_20250603T00Z.csv.gz,1440,1,1.678,1.932,0.0235,0.0331
2025-06-03T06:00:00Z,previsions/2025-06/pv_prev_20250603T06Z.csv.gz,1440,1,1.930,1.946,0.0115,0.0167
2025-06-03T12:00:00Z,previsions/2025-06/pv_prev_20250603T12Z.csv.gz,1440,1,2.315,2.391,0.0123,0.0186
2025-06-03T18:00:00Z,previsions/2025-06/pv_prev_20250603T18Z.csv.gz,1440,1,2.984,2.771,0.0203,0.0276
2025-06-04T00:00:00Z,previsions/2025-06/pv_prev_20250604T00Z.csv.gz,1440,1,2.098,2.779,0.0459,0.0559
2025-06-04T06:00:00Z,previsions/2025-06/pv_prev_20250604T06Z.csv.gz,1440,1,3.049,2.737,0.0215,0.0273
2025-06-04T12:00:00Z,previsions/2025-06/pv_prev_20250604T12Z.csv.gz,1440,1,1.779,1.871,0.0170,0.0262
2025-06-04T18:00:00Z,previsions/2025-06/pv_prev_20250604T18Z.csv.gz,1440,1,1.544,1.345,0.0177,0.0241
2025-06-05T00:00:00Z,previsions/2025-06/pv_prev_20250605T00Z.csv.gz,1440,1,1.140,1.335,0.0206,0.0299
2025-06-05T06:00:00Z,previsions/2025-06/pv_prev_20250605T06Z.csv.gz,1440,1,1.551,1.409,0.0130,0.0200
2025-06-05T12:00:00Z,previsions/2025-06/pv_prev_20250605T12Z.csv.gz,1440,1,3.525,2.786,0.0543,0.0987
2025-06-05T18:00:00Z,previsions/2025-06/pv_prev_20250605T18Z.csv.gz,1440,1,3.843,3.605,0.0639,0.0967
2025-06-06T00:00:00Z,previsions/2025-06/pv_prev_20250606T00Z.csv.gz,1440,1,4.210,3.623,0.0491,0.0728
2025-06-06T06:00:00Z,previsions/2025-06/pv_prev_20250606T06Z.csv.gz,1440,1,4.350,3.572,0.0593,0.0842
2025-06-06T12:00:00Z,previsions/2025-06/pv_prev_20250606T12Z.csv.gz,1440,1,2.986,2.878,0.0207,0.0316
2025-06-06T18:00:00Z,previsions/2025-06/pv_prev_20250606T18Z.csv.gz,1440,1,2.504,2.236,0.0214,0.0316
2025-06-07T00:00:00Z,previsions/2025-06/pv_prev_20250607T00Z.csv.gz,1440,1,1.864,2.232,0.0311,0.0472
2025-06-07T06:00:00Z,previsions/2025-06/pv_prev_20250607T06Z.csv.gz,1440,1,2.485,2.358,0.0121,0.0187
2025-06-07T12:00:00Z,previsions/2025-06/pv_prev_20250607T12Z.csv.gz,1440,1,5.670,5.253,0.0287,0.0392
2025-06-07T18:00:00Z,previsions/2025-06/pv_prev_20250607T18Z.csv.gz,1440,1,7.479,7.749,0.0195,0.0296
2025-06-08T00:00:00Z,previsions/2025-06/pv_prev_20250608T00Z.csv.gz,1440,1,7.057,7.775,0.0482,0.0614
2025-06-08T06:00:00Z,previsions/2025-06/pv_prev_20250608T06Z.csv.gz,1440,1,7.845,7.776,0.0112,0.0164
2025-06-08T12:00:00Z,previsions/2025-06/pv_prev_20250608T12Z.csv.gz,1440,1,7.538,7.745,0.0150,0.0217
2025-06-08T18:00:00Z,previsions/2025-06/pv_prev_20250608T18Z.csv.gz,1440,1,6.876,7.922,0.0700,0.0909
2025-06-09T00:00:00Z,previsions/2025-06/pv_prev_20250609T00Z.csv.gz,1440,1,7.395,7.923,0.0353,0.0472
2025-06-09T06:00:00Z,previsions/2025-06/pv_prev_20250609T06Z.csv.gz,1440,1,8.389,7.822,0.0384,0.0460
2025-06-09T12:00:00Z,previsions/2025-06/pv_prev_20250609T12Z.csv.gz,1440,1,5.387,5.473,0.0324,0.0543
2025-06-09T18:00:00Z,previsions/2025-06/pv_prev_20250609T18Z.csv.gz,1440,1,2.251,4.059,0.1291,0.1703
2025-06-10T00:00:00Z,previsions/2025-06/pv_prev_20250610T00Z.csv.gz,1440,1,4.249,4.046,0.0274,0.0427
2025-06-10T06:00:00Z,previsions/2025-06/pv_prev_20250610T06Z.csv.gz,1440,1,3.911,4.148,0.0311,0.0490
2025-06-10T12:00:00Z,previsions/2025-06/pv_prev_20250610T12Z.csv.gz,1440,1,6.255,6.418,0.0202,0.0373
2025-06-10T18:00:00Z,previsions/2025-06/pv_prev_20250610T18Z.csv.gz,1440,1,7.053,7.779,0.0486,0.0618
2025-06-11T00:00:00Z,previsions/2025-06/pv_prev_20250611T00Z.csv.gz,1440,1,8.113,7.793,0.0232,0.0311
2025-06-11T06:00:00Z,previsions/2025-06/pv_prev_20250611T06Z.csv.gz,1440,1,7.726,7.726,0.0081,0.0109
2025-06-11T12:00:00Z,previsions/2025-06/pv_prev_20250611T12Z.csv.gz,1440,1,5.033,5.271,0.0178,0.0272
2025-06-11T18:00:00Z,previsions/2025-06/pv_prev_20250611T18Z.csv.gz,1440,1,3.143,2.972,0.0249,0.0332
2025-06-12T00:00:00Z,previsions/2025-06/pv_prev_20250612T00Z.csv.gz,1440,1,3.165,2.944,0.0169,0.0235
2025-06-12T06:00:00Z,previsions/2025-06/pv_prev_20250612T06Z.csv.gz,1440,1,3.405,3.006,0.0282,0.0377
2025-06-12T12:00:00Z,previsions/2025-06/pv_prev_20250612T12Z.csv.gz,1440,1,4.634,4.527,0.0257,0.0606
2025-06-12T18:00:00Z,previsions/2025-06/pv_prev_20250612T18Z.csv.gz,1440,1,5.574,6.402,0.0744,0.1089
2025-06-13T00:00:00Z,previsions/2025-06/pv_prev_20250613T00Z.csv.gz,1440,1,7.139,6.431,0.0510,0.0947
2025-06-13T06:00:00Z,previsions/2025-06/pv_prev_20250613T06Z.csv.gz,1440,1,6.002,6.296,0.0419,0.0709
2025-06-13T12:00:00Z,previsions/2025-06/pv_prev_20250613T12Z.csv.gz,1440,1,3.751,3.866,0.0431,0.0631
2025-06-13T18:00:00Z,previsions/2025-06/pv_prev_20250613T18Z.csv.gz,1440,1,1.147,1.358,0.0259,0.0355
2025-06-14T00:00:00Z,previsions/2025-06/pv_prev_20250614T00Z.csv.gz,1440,1,1.244,1.322,0.0198,0.0287
2025-06-14T06:00:00Z,previsions/2025-06/pv_prev_20250614T06Z.csv.gz,1440,1,1.322,1.447,0.0134,0.0189
2025-06-14T12:00:00Z,previsions/2025-06/pv_prev_20250614T12Z.csv.gz,1440,1,3.192,4.008,0.0571,0.0919
2025-06-14T18:00:00Z,previsions/2025-06/pv_prev_20250614T18Z.csv.gz,1440,1,6.603,6.278,0.0297,0.0515
2025-06-15T00:00:00Z,previsions/2025-06/pv_prev_20250615T00Z.csv.gz,1440,1,6.374,6.309,0.0241,0.0426
2025-06-15T06:00:00Z,previsions/2025-06/pv_prev_20250615T06Z.csv.gz,1440,1,6.356,6.322,0.0198,0.0373
2025-06-15T12:00:00Z,previsions/2025-06/pv_prev_20250615T12Z.csv.gz,1440,1,6.647,7.065,0.0320,0.0426
2025-06-15T18:00:00Z,previsions/2025-06/pv_prev_20250615T18Z.csv.gz,1440,1,6.757,7.599,0.0562,0.0723
2025-06-16T00:00:00Z,previsions/2025-06/pv_prev_20250616T00Z.csv.gz,1440,1,8.413,7.607,0.0541,0.0704
2025-06-16T06:00:00Z,previsions/2025-06/pv_prev_20250616T06Z.csv.gz,1440,1,7.675,7.606,0.0121,0.0186
2025-06-16T12:00:00Z,previsions/2025-06/pv_prev_20250616T12Z.csv.gz,1440,1,8.113,7.776,0.0230,0.0342
2025-06-16T18:00:00Z,previsions/2025-06/pv_prev_20250616T18Z.csv.gz,1440,1,7.588,7.936,0.0298,0.0441
2025-06-17T00:00:00Z,previsions/2025-06/pv_prev_20250617T00Z.csv.gz,1440,1,7.719,7.935,0.0169,0.0226
2025-06-17T06:00:00Z,previsions/2025-06/pv_prev_20250617T06Z.csv.gz,1440,1,8.068,7.912,0.0136,0.0216
2025-06-17T12:00:00Z,previsions/2025-06/pv_prev_20250617T12Z.csv.gz,1440,1,6.254,6.899,0.0522,0.0865
2025-06-17T18:00:00Z,previsions/2025-06/pv_prev_20250617T18Z.csv.gz,1440,1,4.626,5.979,0.0911,0.1129
2025-06-18T00:00:00Z,previsions/2025-06/pv_prev_20250618T00Z.csv.gz,1440,1,5.228,5.978,0.0532,0.0676
2025-06-18T06:00:00Z,previsions/2025-06/pv_prev_20250618T06Z.csv.gz,1440,1,5.397,5.987,0.0437,0.0578
2025-06-18T12:00:00Z,previsions/2025-06/pv_prev_20250618T12Z.csv.gz,1440,1,4.692,5.837,0.0902,0.1389
2025-06-18T18:00:00Z,previsions/2025-06/pv_prev_20250618T18Z.csv.gz,1440,1,5.533,6.285,0.0696,0.0988
2025-06-19T00:00:00Z,previsions/2025-06/pv_prev_20250619T00Z.csv.gz,1440,1,7.084,6.284,0.0706,0.1068
2025-06-19T06:00:00Z,previsions/2025-06/pv_prev_20250619T06Z.csv.gz,1440,1,7.067,6.202,0.0620,0.0904
2025-06-19T12:00:00Z,previsions/2025-06/pv_prev_20250619T12Z.csv.gz,1440,1,3.873,5.295,0.0976,0.1226
2025-06-19T18:00:00Z,previsions/2025-06/pv_prev_20250619T18Z.csv.gz,1440,1,5.247,4.282,0.0644,0.0871
2025-06-20T00:00:00Z,previsions/2025-06/pv_prev_20250620T00Z.csv.gz,1440,1,3.627,4.268,0.0467,0.0617
2025-06-20T06:00:00Z,previsions/2025-06/pv_prev_20250620T06Z.csv.gz,1440,1,5.049,4.359,0.0483,0.0676
2025-06-20T12:00:00Z,previsions/2025-06/pv_prev_20250620T12Z.csv.gz,1440,1,6.502,6.060,0.0331,0.0494
2025-06-20T18:00:00Z,previsions/2025-06/pv_prev_20250620T18Z.csv.gz,1440,1,7.752,7.408,0.0233,0.0292
2025-06-21T00:00:00Z,previsions/2025-06/pv_prev_20250621T00Z.csv.gz,1440,1,7.260,7.423,0.0179,0.0311
2025-06-21T06:00:00Z,previsions/2025-06/pv_prev_20250621T06Z.csv.gz,1440,1,7.691,7.420,0.0194,0.0276
2025-06-21T12:00:00Z,previsions/2025-06/pv_prev_20250621T12Z.csv.gz,1440,1,7.879,7.546,0.0269,0.0410
2025-06-21T18:00:00Z,previsions/2025-06/pv_prev_20250621T18Z.csv.gz,1440,1,7.447,7.409,0.0119,0.0172
2025-06-22T00:00:00Z,previsions/2025-06/pv_prev_20250622T00Z.csv.gz,1440,1,7.938,7.409,0.0357,0.0495
2025-06-22T06:00:00Z,previsions/2025-06/pv_prev_20250622T06Z.csv.gz,1440,1,6.715,7.407,0.0460,0.0586
2025-06-22T12:00:00Z,previsions/2025-06/pv_prev_20250622T12Z.csv.gz,1440,1,7.054,7.423,0.0246,0.0345
2025-06-22T18:00:00Z,previsions/2025-06/pv_prev_20250622T18Z.csv.gz,1440,1,8.139,7.533,0.0406,0.0502
2025-06-23T00:00:00Z,previsions/2025-06/pv_prev_20250623T00Z.csv.gz,1440,1,7.776,7.533,0.0168,0.0237
2025-06-23T06:00:00Z,previsions/2025-06/pv_prev_20250623T06Z.csv.gz,1440,1,7.506,7.531,0.0072,0.0105
2025-06-23T12:00:00Z,previsions/2025-06/pv_prev_20250623T12Z.csv.gz,1440,1,7.866,7.542,0.0224,0.0307
2025-06-23T18:00:00Z,previsions/2025-06/pv_prev_20250623T18Z.csv.gz,1440,1,6.802,7.477,0.0450,0.0602
2025-06-24T00:00:00Z,previsions/2025-06/pv_prev_20250624T00Z.csv.gz,1440,1,8.023,7.474,0.0367,0.0489
2025-06-24T06:00:00Z,previsions/2025-06/pv_prev_20250624T06Z.csv.gz,1440,1,7.610,7.471,0.0113,0.0161
2025-06-24T12:00:00Z,previsions/2025-06/pv_prev_20250624T12Z.csv.gz,1440,1,6.107,7.285,0.0787,0.1075
2025-06-24T18:00:00Z,previsions/2025-06/pv_prev_20250624T18Z.csv.gz,1440,1,6.625,7.183,0.0375,0.0480
2025-06-25T00:00:00Z,previsions/2025-06/pv_prev_20250625T00Z.csv.gz,1440,1,7.365,7.186,0.0137,0.0185
2025-06-25T06:00:00Z,previsions/2025-06/pv_prev_20250625T06Z.csv.gz,1440,1,7.015,7.179,0.0128,0.0185
2025-06-25T12:00:00Z,previsions/2025-06/pv_prev_20250625T12Z.csv.gz,1440,1,6.862,6.938,0.0191,0.0295
2025-06-25T18:00:00Z,previsions/2025-06/pv_prev_20250625T18Z.csv.gz,1440,1,8.032,6.614,0.0948,0.1199
2025-06-26T00:00:00Z,previsions/2025-06/pv_prev_20250626T00Z.csv.gz,1440,1,7.078,6.611,0.0326,0.0476
2025-06-26T06:00:00Z,previsions/2025-06/pv_prev_20250626T06Z.csv.gz,1440,1,5.377,6.615,0.0841,0.1101
2025-06-26T12:00:00Z,previsions/2025-06/pv_prev_20250626T12Z.csv.gz,1440,1,6.076,6.959,0.0596,0.0824
2025-06-26T18:00:00Z,previsions/2025-06/pv_prev_20250626T18Z.csv.gz,1440,1,7.843,7.366,0.0338,0.0440
2025-06-27T00:00:00Z,previsions/2025-06/pv_prev_20250627T00Z.csv.gz,1440,1,6.833,7.369,0.0359,0.0445
2025-06-27T06:00:00Z,previsions/2025-06/pv_prev_20250627T06Z.csv.gz,1440,1,7.194,7.371,0.0138,0.0196
2025-06-27T12:00:00Z,previsions/2025-06/pv_prev_20250627T12Z.csv.gz,1440,1,7.185,7.584,0.0310,0.0514
2025-06-27T18:00:00Z,previsions/2025-06/pv_prev_20250627T18Z.csv.gz,1440,1,7.554,7.612,0.0109,0.0145
2025-06-28T00:00:00Z,previsions/2025-06/pv_prev_20250628T00Z.csv.gz,1440,1,7.981,7.612,0.0252,0.0349
2025-06-28T06:00:00Z,previsions/2025-06/pv_prev_20250628T06Z.csv.gz,1440,1,7.397,7.612,0.0148,0.0214
2025-06-28T12:00:00Z,previsions/2025-06/pv_prev_20250628T12Z.csv.gz,1440,1,7.949,7.491,0.0311,0.0412
2025-06-28T18:00:00Z,previsions/2025-06/pv_prev_20250628T18Z.csv.gz,1440,1,6.432,7.567,0.0758,0.0968
2025-06-29T00:00:00Z,previsions/2025-06/pv_prev_20250629T00Z.csv.gz,1440,1,6.742,7.569,0.0553,0.0699
2025-06-29T06:00:00Z,previsions/2025-06/pv_prev_20250629T06Z.csv.gz,1440,1,7.703,7.568,0.0127,0.0187
2025-06-29T12:00:00Z,previsions/2025-06/pv_prev_20250629T12Z.csv.gz,1440,1,7.859,7.756,0.0134,0.0208
2025-06-29T18:00:00Z,previsions/2025-06/pv_prev_20250629T18Z.csv.gz,1440,1,6.759,7.773,0.0677,0.0869
2025-06-30T00:00:00Z,previsions/2025-06/pv_prev_20250630T00Z.csv.gz,1440,1,8.235,7.773,0.0316,0.0424
2025-06-30T06:00:00Z,previsions/2025-06/pv_prev_20250630T06Z.csv.gz,1440,1,7.784,7.773,0.0066,0.0094
2025-06-30T12:00:00Z,previsions/2025-06/pv_prev_20250630T12Z.csv.gz,1440,1,7.267,7.626,0.0247,0.0396
2025-06-30T18:00:00Z,previsions/2025-06/pv_prev_20250630T18Z.csv.gz,1440,1,6.911,7.781,0.0579,0.0785
2025-07-01T00:00:00Z,previsions/2025-07/pv_prev_20250701T00Z.csv.gz,1440,1,8.278,7.779,0.0334,0.0464
2025-07-01T06:00:00Z,previsions/2025-07/pv_prev_20250701T06Z.csv.gz,1440,1,7.852,7.776,0.0108,0.0155
2025-07-01T12:00:00Z,previsions/2025-07/pv_prev_20250701T12Z.csv.gz,1440,1,7.379,7.815,0.0294,0.0427
2025-07-01T18:00:00Z,previsions/2025-07/pv_prev_20250701T18Z.csv.gz,1440,1,7.188,7.717,0.0366,0.0536
2025-07-02T00:00:00Z,previsions/2025-07/pv_prev_20250702T00Z.csv.gz,1440,1,7.412,7.718,0.0223,0.0322
2025-07-02T06:00:00Z,previsions/2025-07/pv_prev_20250702T06Z.csv.gz,1440,1,8.159,7.714,0.0304,0.0385
2025-07-02T12:00:00Z,previsions/2025-07/pv_prev_20250702T12Z.csv.gz,1440,1,6.504,7.390,0.0594,0.0875
2025-07-02T18:00:00Z,previsions/2025-07/pv_prev_20250702T18Z.csv.gz,1440,1,7.957,7.271,0.0457,0.0578
2025-07-03T00:00:00Z,previsions/2025-07/pv_prev_20250703T00Z.csv.gz,1440,1,7.192,7.272,0.0127,0.0186
2025-07-03T06:00:00Z,previsions/2025-07/pv_prev_20250703T06Z.csv.gz,1440,1,8.102,7.249,0.0574,0.0714
2025-07-03T12:00:00Z,previsions/2025-07/pv_prev_20250703T12Z.csv.gz,1440,1,4.648,6.159,0.1013,0.1620
2025-07-03T18:00:00Z,previsions/2025-07/pv_prev_20250703T18Z.csv.gz,1440,1,7.167,4.635,0.1685,0.2149
2025-07-04T00:00:00Z,previsions/2025-07/pv_prev_20250704T00Z.csv.gz,1440,1,7.404,4.610,0.1860,0.2292
2025-07-04T06:00:00Z,previsions/2025-07/pv_prev_20250704T06Z.csv.gz,1440,1,3.646,4.632,0.0707,0.0968
2025-07-04T12:00:00Z,previsions/2025-07/pv_prev_20250704T12Z.csv.gz,1440,1,5.847,5.809,0.0551,0.0733
2025-07-04T18:00:00Z,previsions/2025-07/pv_prev_20250704T18Z.csv.gz,1440,1,7.317,7.410,0.0138,0.0197
2025-07-05T00:00:00Z,previsions/2025-07/pv_prev_20250705T00Z.csv.gz,1440,1,5.856,7.434,0.1051,0.1313
2025-07-05T06:00:00Z,previsions/2025-07/pv_prev_20250705T06Z.csv.gz,1440,1,7.676,7.432,0.0178,0.0256
2025-07-05T12:00:00Z,previsions/2025-07/pv_prev_20250705T12Z.csv.gz,1440,1,7.946,7.752,0.0145,0.0221
2025-07-05T18:00:00Z,previsions/2025-07/pv_prev_20250705T18Z.csv.gz,1440,1,8.187,7.930,0.0176,0.0255
2025-07-06T00:00:00Z,previsions/2025-07/pv_prev_20250706T00Z.csv.gz,1440,1,7.708,7.929,0.0152,0.0207
2025-07-06T06:00:00Z,previsions/2025-07/pv_prev_20250706T06Z.csv.gz,1440,1,7.898,7.927,0.0067,0.0095
2025-07-06T12:00:00Z,previsions/2025-07/pv_prev_20250706T12Z.csv.gz,1440,1,7.477,7.550,0.0203,0.0360
2025-07-06T18:00:00Z,previsions/2025-07/pv_prev_20250706T18Z.csv.gz,1440,1,7.351,7.290,0.0148,0.0251
2025-07-07T00:00:00Z,previsions/2025-07/pv_prev_20250707T00Z.csv.gz,1440,1,7.006,7.291,0.0195,0.0265
2025-07-07T06:00:00Z,previsions/2025-07/pv_prev_20250707T06Z.csv.gz,1440,1,7.158,7.286,0.0109,0.0169
2025-07-07T12:00:00Z,previsions/2025-07/pv_prev_20250707T12Z.csv.gz,1440,1,7.795,7.754,0.0076,0.0113
2025-07-07T18:00:00Z,previsions/2025-07/pv_prev_20250707T18Z.csv.gz,1440,1,7.983,7.929,0.0099,0.0143
2025-07-08T00:00:00Z,previsions/2025-07/pv_prev_20250708T00Z.csv.gz,1440,1,6.807,7.926,0.0757,0.0913
2025-07-08T06:00:00Z,previsions/2025-07/pv_prev_20250708T06Z.csv.gz,1440,1,8.166,7.885,0.0211,0.0290
2025-07-08T12:00:00Z,previsions/2025-07/pv_prev_20250708T12Z.csv.gz,1440,1,7.122,6.096,0.0688,0.1109
2025-07-08T18:00:00Z,previsions/2025-07/pv_prev_20250708T18Z.csv.gz,1440,1,4.061,4.424,0.0413,0.0579
2025-07-09T00:00:00Z,previsions/2025-07/pv_prev_20250709T00Z.csv.gz,1440,1,3.281,4.419,0.0788,0.0957
2025-07-09T06:00:00Z,previsions/2025-07/pv_prev_20250709T06Z.csv.gz,1440,1,4.881,4.447,0.0329,0.0543
2025-07-09T12:00:00Z,previsions/2025-07/pv_prev_20250709T12Z.csv.gz,1440,1,5.821,4.729,0.0749,0.1204
2025-07-09T18:00:00Z,previsions/2025-07/pv_prev_20250709T18Z.csv.gz,1440,1,6.596,5.724,0.0612,0.0917
2025-07-10T00:00:00Z,previsions/2025-07/pv_prev_20250710T00Z.csv.gz,1440,1,5.334,5.728,0.0448,0.0644
2025-07-10T06:00:00Z,previsions/2025-07/pv_prev_20250710T06Z.csv.gz,1440,1,5.973,5.738,0.0278,0.0484
2025-07-10T12:00:00Z,previsions/2025-07/pv_prev_20250710T12Z.csv.gz,1440,1,6.597,6.800,0.0362,0.0505
2025-07-10T18:00:00Z,previsions/2025-07/pv_prev_20250710T18Z.csv.gz,1440,1,6.959,7.212,0.0188,0.0288
2025-07-11T00:00:00Z,previsions/2025-07/pv_prev_20250711T00Z.csv.gz,1440,1,7.885,7.212,0.0455,0.0583
2025-07-11T06:00:00Z,previsions/2025-07/pv_prev_20250711T06Z.csv.gz,1440,1,7.381,7.181,0.0209,0.0293
2025-07-11T12:00:00Z,previsions/2025-07/pv_prev_20250711T12Z.csv.gz,1440,1,4.888,5.488,0.0428,0.0661
2025-07-11T18:00:00Z,previsions/2025-07/pv_prev_20250711T18Z.csv.gz,1440,1,3.276,4.394,0.0795,0.0939
2025-07-12T00:00:00Z,previsions/2025-07/pv_prev_20250712T00Z.csv.gz,1440,1,4.573,4.377,0.0281,0.0472
2025-07-12T06:00:00Z,previsions/2025-07/pv_prev_20250712T06Z.csv.gz,1440,1,4.799,4.312,0.0370,0.0605
2025-07-12T12:00:00Z,previsions/2025-07/pv_prev_20250712T12Z.csv.gz,1440,1,2.923,3.398,0.0378,0.0537
2025-07-12T18:00:00Z,previsions/2025-07/pv_prev_20250712T18Z.csv.gz,1440,1,3.162,2.237,0.0639,0.0875
2025-07-13T00:00:00Z,previsions/2025-07/pv_prev_20250713T00Z.csv.gz,1440,1,1.919,2.225,0.0241,0.0346
2025-07-13T06:00:00Z,previsions/2025-07/pv_prev_20250713T06Z.csv.gz,1440,1,1.741,2.297,0.0378,0.0503
2025-07-13T12:00:00Z,previsions/2025-07/pv_prev_20250713T12Z.csv.gz,1440,1,3.331,4.650,0.0914,0.1460
2025-07-13T18:00:00Z,previsions/2025-07/pv_prev_20250713T18Z.csv.gz,1440,1,5.910,6.779,0.0642,0.0982
2025-07-14T00:00:00Z,previsions/2025-07/pv_prev_20250714T00Z.csv.gz,1440,1,7.920,6.804,0.0755,0.0971
2025-07-14T06:00:00Z,previsions/2025-07/pv_prev_20250714T06Z.csv.gz,1440,1,6.646,6.820,0.0260,0.0440
2025-07-14T12:00:00Z,previsions/2025-07/pv_prev_20250714T12Z.csv.gz,1440,1,7.411,6.874,0.0387,0.0573
2025-07-14T18:00:00Z,previsions/2025-07/pv_prev_20250714T18Z.csv.gz,1440,1,6.442,7.026,0.0400,0.0552
2025-07-15T00:00:00Z,previsions/2025-07/pv_prev_20250715T00Z.csv.gz,1440,1,5.469,7.027,0.1052,0.1295
2025-07-15T06:00:00Z,previsions/2025-07/pv_prev_20250715T06Z.csv.gz,1440,1,6.582,7.028,0.0303,0.0396
2025-07-15T12:00:00Z,previsions/2025-07/pv_prev_20250715T12Z.csv.gz,1440,1,7.067,7.384,0.0216,0.0331
2025-07-15T18:00:00Z,previsions/2025-07/pv_prev_20250715T18Z.csv.gz,1440,1,6.285,7.549,0.0855,0.1023
2025-07-16T00:00:00Z,previsions/2025-07/pv_prev_20250716T00Z.csv.gz,1440,1,6.571,7.548,0.0662,0.0872
2025-07-16T06:00:00Z,previsions/2025-07/pv_prev_20250716T06Z.csv.gz,1440,1,8.097,7.542,0.0377,0.0475
2025-07-16T12:00:00Z,previsions/2025-07/pv_prev_20250716T12Z.csv.gz,1440,1,7.935,7.398,0.0366,0.0494
2025-07-16T18:00:00Z,previsions/2025-07/pv_prev_20250716T18Z.csv.gz,1440,1,6.193,7.309,0.0759,0.0946
2025-07-17T00:00:00Z,previsions/2025-07/pv_prev_20250717T00Z.csv.gz,1440,1,7.175,7.308,0.0101,0.0157
2025-07-17T06:00:00Z,previsions/2025-07/pv_prev_20250717T06Z.csv.gz,1440,1,7.041,7.309,0.0185,0.0249
2025-07-17T12:00:00Z,previsions/2025-07/pv_prev_20250717T12Z.csv.gz,1440,1,6.584,7.512,0.0717,0.1214
2025-07-17T18:00:00Z,previsions/2025-07/pv_prev_20250717T18Z.csv.gz,1440,1,7.768,7.445,0.0253,0.0388
2025-07-18T00:00:00Z,previsions/2025-07/pv_prev_20250718T00Z.csv.gz,1440,1,7.940,7.445,0.0345,0.0470
2025-07-18T06:00:00Z,previsions/2025-07/pv_prev_20250718T06Z.csv.gz,1440,1,7.918,7.443,0.0334,0.0468
2025-07-18T12:00:00Z,previsions/2025-07/pv_prev_20250718T12Z.csv.gz,1440,1,7.623,7.401,0.0202,0.0295
2025-07-18T18:00:00Z,previsions/2025-07/pv_prev_20250718T18Z.csv.gz,1440,1,7.434,7.583,0.0153,0.0218
2025-07-19T00:00:00Z,previsions/2025-07/pv_prev_20250719T00Z.csv.gz,1440,1,7.930,7.582,0.0243,0.0321
2025-07-19T06:00:00Z,previsions/2025-07/pv_prev_20250719T06Z.csv.gz,1440,1,7.707,7.581,0.0102,0.0149
2025-07-19T12:00:00Z,previsions/2025-07/pv_prev_20250719T12Z.csv.gz,1440,1,7.450,7.448,0.0286,0.0416
2025-07-19T18:00:00Z,previsions/2025-07/pv_prev_20250719T18Z.csv.gz,1440,1,7.730,7.393,0.0287,0.0426
2025-07-20T00:00:00Z,previsions/2025-07/pv_prev_20250720T00Z.csv.gz,1440,1,7.291,7.391,0.0155,0.0230
2025-07-20T06:00:00Z,previsions/2025-07/pv_prev_20250720T06Z.csv.gz,1440,1,7.562,7.390,0.0142,0.0192
2025-07-20T12:00:00Z,previsions/2025-07/pv_prev_20250720T12Z.csv.gz,1440,1,7.339,7.465,0.0113,0.0210
2025-07-20T18:00:00Z,previsions/2025-07/pv_prev_20250720T18Z.csv.gz,1440,1,7.640,7.522,0.0139,0.0204
2025-07-21T00:00:00Z,previsions/2025-07/pv_prev_20250721T00Z.csv.gz,1440,1,7.625,7.523,0.0168,0.0250
2025-07-21T06:00:00Z,previsions/2025-07/pv_prev_20250721T06Z.csv.gz,1440,1,7.310,7.521,0.0165,0.0248
2025-07-21T12:00:00Z,previsions/2025-07/pv_prev_20250721T12Z.csv.gz,1440,1,7.598,7.683,0.0094,0.0141
2025-07-21T18:00:00Z,previsions/2025-07/pv_prev_20250721T18Z.csv.gz,1440,1,6.178,7.662,0.1017,0.1279
2025-07-22T00:00:00Z,previsions/2025-07/pv_prev_20250722T00Z.csv.gz,1440,1,8.015,7.660,0.0248,0.0381
2025-07-22T06:00:00Z,previsions/2025-07/pv_prev_20250722T06Z.csv.gz,1440,1,7.715,7.658,0.0070,0.0101
2025-07-22T12:00:00Z,previsions/2025-07/pv_prev_20250722T12Z.csv.gz,1440,1,7.164,7.602,0.0313,0.0509
2025-07-22T18:00:00Z,previsions/2025-07/pv_prev_20250722T18Z.csv.gz,1440,1,7.212,7.613,0.0285,0.0389
2025-07-23T00:00:00Z,previsions/2025-07/pv_prev_20250723T00Z.csv.gz,1440,1,8.060,7.611,0.0311,0.0412
2025-07-23T06:00:00Z,previsions/2025-07/pv_prev_20250723T06Z.csv.gz,1440,1,7.589,7.609,0.0064,0.0091
2025-07-23T12:00:00Z,previsions/2025-07/pv_prev_20250723T12Z.csv.gz,1440,1,7.883,7.497,0.0267,0.0351
2025-07-23T18:00:00Z,previsions/2025-07/pv_prev_20250723T18Z.csv.gz,1440,1,7.668,7.461,0.0146,0.0207
2025-07-24T00:00:00Z,previsions/2025-07/pv_prev_20250724T00Z.csv.gz,1440,1,7.944,7.460,0.0338,0.0464
2025-07-24T06:00:00Z,previsions/2025-07/pv_prev_20250724T06Z.csv.gz,1440,1,7.171,7.456,0.0213,0.0285
2025-07-24T12:00:00Z,previsions/2025-07/pv_prev_20250724T12Z.csv.gz,1440,1,7.632,7.316,0.0222,0.0331
2025-07-24T18:00:00Z,previsions/2025-07/pv_prev_20250724T18Z.csv.gz,1440,1,7.841,7.113,0.0502,0.0643
2025-07-25T00:00:00Z,previsions/2025-07/pv_prev_20250725T00Z.csv.gz,1440,1,7.178,7.113,0.0133,0.0181
2025-07-25T06:00:00Z,previsions/2025-07/pv_prev_20250725T06Z.csv.gz,1440,1,7.541,7.114,0.0300,0.0416
2025-07-25T12:00:00Z,previsions/2025-07/pv_prev_20250725T12Z.csv.gz,1440,1,5.552,7.367,0.1251,0.1924
2025-07-25T18:00:00Z,previsions/2025-07/pv_prev_20250725T18Z.csv.gz,1440,1,7.662,7.640,0.0192,0.0259
2025-07-26T00:00:00Z,previsions/2025-07/pv_prev_20250726T00Z.csv.gz,1440,1,7.750,7.640,0.0112,0.0165
2025-07-26T06:00:00Z,previsions/2025-07/pv_prev_20250726T06Z.csv.gz,1440,1,7.130,7.635,0.0349,0.0427
2025-07-26T12:00:00Z,previsions/2025-07/pv_prev_20250726T12Z.csv.gz,1440,1,6.983,7.383,0.0362,0.0577
2025-07-26T18:00:00Z,previsions/2025-07/pv_prev_20250726T18Z.csv.gz,1440,1,5.463,7.153,0.1168,0.1445
2025-07-27T00:00:00Z,previsions/2025-07/pv_prev_20250727T00Z.csv.gz,1440,1,7.162,7.151,0.0125,0.0191
2025-07-27T06:00:00Z,previsions/2025-07/pv_prev_20250727T06Z.csv.gz,1440,1,7.022,7.152,0.0123,0.0189
2025-07-27T12:00:00Z,previsions/2025-07/pv_prev_20250727T12Z.csv.gz,1440,1,6.209,7.215,0.0697,0.1019
2025-07-27T18:00:00Z,previsions/2025-07/pv_prev_20250727T18Z.csv.gz,1440,1,7.510,7.320,0.0147,0.0202
2025-07-28T00:00:00Z,previsions/2025-07/pv_prev_20250728T00Z.csv.gz,1440,1,7.731,7.320,0.0288,0.0366
2025-07-28T06:00:00Z,previsions/2025-07/pv_prev_20250728T06Z.csv.gz,1440,1,7.086,7.318,0.0166,0.0220
2025-07-28T12:00:00Z,previsions/2025-07/pv_prev_20250728T12Z.csv.gz,1440,1,6.290,7.371,0.0750,0.1114
2025-07-28T18:00:00Z,previsions/2025-07/pv_prev_20250728T18Z.csv.gz,1440,1,6.503,7.242,0.0530,0.0690
2025-07-29T00:00:00Z,previsions/2025-07/pv_prev_20250729T00Z.csv.gz,1440,1,8.065,7.241,0.0574,0.0762
2025-07-29T06:00:00Z,previsions/2025-07/pv_prev_20250729T06Z.csv.gz,1440,1,7.330,7.239,0.0115,0.0175
2025-07-29T12:00:00Z,previsions/2025-07/pv_prev_20250729T12Z.csv.gz,1440,1,7.661,7.306,0.0254,0.0323
2025-07-29T18:00:00Z,previsions/2025-07/pv_prev_20250729T18Z.csv.gz,1440,1,7.961,7.573,0.0277,0.0355
2025-07-30T00:00:00Z,previsions/2025-07/pv_prev_20250730T00Z.csv.gz,1440,1,7.186,7.571,0.0284,0.0388
2025-07-30T06:00:00Z,previsions/2025-07/pv_prev_20250730T06Z.csv.gz,1440,1,7.609,7.535,0.0104,0.0164
2025-07-30T12:00:00Z,previsions/2025-07/pv_prev_20250730T12Z.csv.gz,1440,1,6.232,6.543,0.0463,0.0898
2025-07-30T18:00:00Z,previsions/2025-07/pv_prev_20250730T18Z.csv.gz,1440,1,3.706,5.624,0.1466,0.1837
2025-07-31T00:00:00Z,previsions/2025-07/pv_prev_20250731T00Z.csv.gz,1440,1,5.473,5.616,0.0523,0.0867
2025-07-31T06:00:00Z,previsions/2025-07/pv_prev_20250731T06Z.csv.gz,1440,1,4.892,5.638,0.0763,0.1052
2025-07-31T12:00:00Z,previsions/2025-07/pv_prev_20250731T12Z.csv.gz,1440,1,7.394,5.380,0.1436,0.2011
2025-07-31T18:00:00Z,previsions/2025-07/pv_prev_20250731T18Z.csv.gz,1440,1,7.255,5.518,0.1215,0.1584
2025-08-01T00:00:00Z,previsions/2025-08/pv_prev_20250801T00Z.csv.gz,1440,1,4.842,5.519,0.0604,0.0858
2025-08-01T06:00:00Z,previsions/2025-08/pv_prev_20250801T06Z.csv.gz,1440,1,5.518,5.499,0.0354,0.0668
2025-08-01T12:00:00Z,previsions/2025-08/pv_prev_20250801T12Z.csv.gz,1440,1,6.033,5.221,0.0808,0.1326
2025-08-01T18:00:00Z,previsions/2025-08/pv_prev_20250801T18Z.csv.gz,1440,1,6.924,4.758,0.1518,0.1916
2025-08-02T00:00:00Z,previsions/2025-08/pv_prev_20250802T00Z.csv.gz,1440,1,5.592,4.750,0.0660,0.0861
2025-08-02T06:00:00Z,previsions/2025-08/pv_prev_20250802T06Z.csv.gz,1440,1,3.240,4.776,0.1107,0.1384
2025-08-02T12:00:00Z,previsions/2025-08/pv_prev_20250802T12Z.csv.gz,1440,1,6.930,6.172,0.0540,0.0680
2025-08-02T18:00:00Z,previsions/2025-08/pv_prev_20250802T18Z.csv.gz,1440,1,6.899,7.139,0.0201,0.0277
2025-08-03T00:00:00Z,previsions/2025-08/pv_prev_20250803T00Z.csv.gz,1440,1,7.593,7.149,0.0318,0.0437
2025-08-03T06:00:00Z,previsions/2025-08/pv_prev_20250803T06Z.csv.gz,1440,1,7.597,7.147,0.0319,0.0429
2025-08-03T12:00:00Z,previsions/2025-08/pv_prev_20250803T12Z.csv.gz,1440,1,6.882,7.176,0.0223,0.0286
2025-08-03T18:00:00Z,previsions/2025-08/pv_prev_20250803T18Z.csv.gz,1440,1,7.969,7.320,0.0459,0.0589
2025-08-04T00:00:00Z,previsions/2025-08/pv_prev_20250804T00Z.csv.gz,1440,1,6.000,7.319,0.0930,0.1170
2025-08-04T06:00:00Z,previsions/2025-08/pv_prev_20250804T06Z.csv.gz,1440,1,7.519,7.294,0.0161,0.0203
2025-08-04T12:00:00Z,previsions/2025-08/pv_prev_20250804T12Z.csv.gz,1440,1,7.206,6.086,0.0793,0.1217
2025-08-04T18:00:00Z,previsions/2025-08/pv_prev_20250804T18Z.csv.gz,1440,1,5.757,4.920,0.0619,0.0955
2025-08-05T00:00:00Z,previsions/2025-08/pv_prev_20250805T00Z.csv.gz,1440,1,5.244,4.911,0.0489,0.0788
2025-08-05T06:00:00Z,previsions/2025-08/pv_prev_20250805T06Z.csv.gz,1440,1,5.109,4.925,0.0252,0.0497
2025-08-05T12:00:00Z,previsions/2025-08/pv_prev_20250805T12Z.csv.gz,1440,1,6.430,5.287,0.0960,0.1538
2025-08-05T18:00:00Z,previsions/2025-08/pv_prev_20250805T18Z.csv.gz,1440,1,7.597,5.424,0.1540,0.1923
2025-08-06T00:00:00Z,previsions/2025-08/pv_prev_20250806T00Z.csv.gz,1440,1,4.923,5.429,0.0577,0.0806
2025-08-06T06:00:00Z,previsions/2025-08/pv_prev_20250806T06Z.csv.gz,1440,1,5.687,5.432,0.0446,0.0704
2025-08-06T12:00:00Z,previsions/2025-08/pv_prev_20250806T12Z.csv.gz,1440,1,7.141,6.032,0.0794,0.0982
2025-08-06T18:00:00Z,previsions/2025-08/pv_prev_20250806T18Z.csv.gz,1440,1,6.936,6.900,0.0186,0.0248
2025-08-07T00:00:00Z,previsions/2025-08/pv_prev_20250807T00Z.csv.gz,1440,1,5.672,6.900,0.0874,0.1052
2025-08-07T06:00:00Z,previsions/2025-08/pv_prev_20250807T06Z.csv.gz,1440,1,6.722,6.896,0.0142,0.0194
2025-08-07T12:00:00Z,previsions/2025-08/pv_prev_20250807T12Z.csv.gz,1440,1,5.702,6.760,0.0753,0.1124
2025-08-07T18:00:00Z,previsions/2025-08/pv_prev_20250807T18Z.csv.gz,1440,1,6.276,6.671,0.0288,0.0417
2025-08-08T00:00:00Z,previsions/2025-08/pv_prev_20250808T00Z.csv.gz,1440,1,6.960,6.669,0.0239,0.0342
2025-08-08T06:00:00Z,previsions/2025-08/pv_prev_20250808T06Z.csv.gz,1440,1,6.190,6.669,0.0343,0.0456
2025-08-08T12:00:00Z,previsions/2025-08/pv_prev_20250808T12Z.csv.gz,1440,1,7.127,6.978,0.0167,0.0254
2025-08-08T18:00:00Z,previsions/2025-08/pv_prev_20250808T18Z.csv.gz,1440,1,7.629,7.063,0.0405,0.0535
2025-08-09T00:00:00Z,previsions/2025-08/pv_prev_20250809T00Z.csv.gz,1440,1,7.655,7.062,0.0427,0.0544
2025-08-09T06:00:00Z,previsions/2025-08/pv_prev_20250809T06Z.csv.gz,1440,1,7.152,7.060,0.0079,0.0120
2025-08-09T12:00:00Z,previsions/2025-08/pv_prev_20250809T12Z.csv.gz,1440,1,7.545,7.033,0.0368,0.0462
2025-08-09T18:00:00Z,previsions/2025-08/pv_prev_20250809T18Z.csv.gz,1440,1,6.730,6.938,0.0208,0.0303
2025-08-10T00:00:00Z,previsions/2025-08/pv_prev_20250810T00Z.csv.gz,1440,1,6.751,6.936,0.0168,0.0239
2025-08-10T06:00:00Z,previsions/2025-08/pv_prev_20250810T06Z.csv.gz,1440,1,7.105,6.924,0.0157,0.0208
2025-08-10T12:00:00Z,previsions/2025-08/pv_prev_20250810T12Z.csv.gz,1440,1,4.424,5.323,0.0646,0.0937
2025-08-10T18:00:00Z,previsions/2025-08/pv_prev_20250810T18Z.csv.gz,1440,1,1.943,4.712,0.1990,0.2389
2025-08-11T00:00:00Z,previsions/2025-08/pv_prev_20250811T00Z.csv.gz,1440,1,4.087,4.709,0.0490,0.0699
2025-08-11T06:00:00Z,previsions/2025-08/pv_prev_20250811T06Z.csv.gz,1440,1,4.690,4.715,0.0150,0.0237
2025-08-11T12:00:00Z,previsions/2025-08/pv_prev_20250811T12Z.csv.gz,1440,1,4.562,5.457,0.0791,0.1232
2025-08-11T18:00:00Z,previsions/2025-08/pv_prev_20250811T18Z.csv.gz,1440,1,7.059,6.059,0.0725,0.1032
2025-08-12T00:00:00Z,previsions/2025-08/pv_prev_20250812T00Z.csv.gz,1440,1,6.580,6.060,0.0394,0.0634
2025-08-12T06:00:00Z,previsions/2025-08/pv_prev_20250812T06Z.csv.gz,1440,1,5.371,6.060,0.0552,0.0760
2025-08-12T12:00:00Z,previsions/2025-08/pv_prev_20250812T12Z.csv.gz,1440,1,7.235,7.036,0.0216,0.0309
2025-08-12T18:00:00Z,previsions/2025-08/pv_prev_20250812T18Z.csv.gz,1440,1,7.540,7.198,0.0266,0.0351
2025-08-13T00:00:00Z,previsions/2025-08/pv_prev_20250813T00Z.csv.gz,1440,1,7.487,7.198,0.0218,0.0279
2025-08-13T06:00:00Z,previsions/2025-08/pv_prev_20250813T06Z.csv.gz,1440,1,6.994,7.197,0.0154,0.0211
2025-08-13T12:00:00Z,previsions/2025-08/pv_prev_20250813T12Z.csv.gz,1440,1,5.267,7.022,0.1271,0.1890
2025-08-13T18:00:00Z,previsions/2025-08/pv_prev_20250813T18Z.csv.gz,1440,1,7.240,7.021,0.0164,0.0222
2025-08-14T00:00:00Z,previsions/2025-08/pv_prev_20250814T00Z.csv.gz,1440,1,7.197,7.020,0.0202,0.0274
2025-08-14T06:00:00Z,previsions/2025-08/pv_prev_20250814T06Z.csv.gz,1440,1,6.700,6.990,0.0212,0.0265
2025-08-14T12:00:00Z,previsions/2025-08/pv_prev_20250814T12Z.csv.gz,1440,1,4.539,5.344,0.0658,0.1064
2025-08-14T18:00:00Z,previsions/2025-08/pv_prev_20250814T18Z.csv.gz,1440,1,2.867,4.135,0.1026,0.1274
2025-08-15T00:00:00Z,previsions/2025-08/pv_prev_20250815T00Z.csv.gz,1440,1,4.786,4.131,0.0562,0.0940
2025-08-15T06:00:00Z,previsions/2025-08/pv_prev_20250815T06Z.csv.gz,1440,1,2.868,4.106,0.1002,0.1225
2025-08-15T12:00:00Z,previsions/2025-08/pv_prev_20250815T12Z.csv.gz,1440,1,2.666,2.769,0.0271,0.0419
2025-08-15T18:00:00Z,previsions/2025-08/pv_prev_20250815T18Z.csv.gz,1440,1,1.102,1.220,0.0210,0.0284
2025-08-16T00:00:00Z,previsions/2025-08/pv_prev_20250816T00Z.csv.gz,1440,1,1.296,1.212,0.0103,0.0145
2025-08-16T06:00:00Z,previsions/2025-08/pv_prev_20250816T06Z.csv.gz,1440,1,1.315,1.254,0.0097,0.0139
2025-08-16T12:00:00Z,previsions/2025-08/pv_prev_20250816T12Z.csv.gz,1440,1,2.647,3.303,0.0582,0.0994
2025-08-16T18:00:00Z,previsions/2025-08/pv_prev_20250816T18Z.csv.gz,1440,1,5.080,5.184,0.0492,0.0802
2025-08-17T00:00:00Z,previsions/2025-08/pv_prev_20250817T00Z.csv.gz,1440,1,6.612,5.192,0.1055,0.1451
2025-08-17T06:00:00Z,previsions/2025-08/pv_prev_20250817T06Z.csv.gz,1440,1,5.905,5.202,0.0565,0.0821
2025-08-17T12:00:00Z,previsions/2025-08/pv_prev_20250817T12Z.csv.gz,1440,1,5.835,6.168,0.0391,0.0532
2025-08-17T18:00:00Z,previsions/2025-08/pv_prev_20250817T18Z.csv.gz,1440,1,6.624,7.137,0.0493,0.0655
2025-08-18T00:00:00Z,previsions/2025-08/pv_prev_20250818T00Z.csv.gz,1440,1,7.530,7.137,0.0290,0.0373
2025-08-18T06:00:00Z,previsions/2025-08/pv_prev_20250818T06Z.csv.gz,1440,1,6.897,7.133,0.0179,0.0241
2025-08-18T12:00:00Z,previsions/2025-08/pv_prev_20250818T12Z.csv.gz,1440,1,7.752,7.402,0.0264,0.0334
2025-08-18T18:00:00Z,previsions/2025-08/pv_prev_20250818T18Z.csv.gz,1440,1,7.702,7.434,0.0209,0.0305
2025-08-19T00:00:00Z,previsions/2025-08/pv_prev_20250819T00Z.csv.gz,1440,1,6.477,7.433,0.0706,0.0856
2025-08-19T06:00:00Z,previsions/2025-08/pv_prev_20250819T06Z.csv.gz,1440,1,7.661,7.434,0.0171,0.0237
2025-08-19T12:00:00Z,previsions/2025-08/pv_prev_20250819T12Z.csv.gz,1440,1,7.716,7.337,0.0282,0.0383
2025-08-19T18:00:00Z,previsions/2025-08/pv_prev_20250819T18Z.csv.gz,1440,1,7.280,7.157,0.0141,0.0204
2025-08-20T00:00:00Z,previsions/2025-08/pv_prev_20250820T00Z.csv.gz,1440,1,6.757,7.156,0.0335,0.0409
2025-08-20T06:00:00Z,previsions/2025-08/pv_prev_20250820T06Z.csv.gz,1440,1,7.471,7.153,0.0238,0.0325
2025-08-20T12:00:00Z,previsions/2025-08/pv_prev_20250820T12Z.csv.gz,1440,1,7.371,6.883,0.0417,0.0648
2025-08-20T18:00:00Z,previsions/2025-08/pv_prev_20250820T18Z.csv.gz,1440,1,7.421,6.919,0.0376,0.0492
2025-08-21T00:00:00Z,previsions/2025-08/pv_prev_20250821T00Z.csv.gz,1440,1,5.885,6.918,0.0767,0.0921
2025-08-21T06:00:00Z,previsions/2025-08/pv_prev_20250821T06Z.csv.gz,1440,1,7.705,6.918,0.0586,0.0759
2025-08-21T12:00:00Z,previsions/2025-08/pv_prev_20250821T12Z.csv.gz,1440,1,7.699,7.147,0.0410,0.0518
2025-08-21T18:00:00Z,previsions/2025-08/pv_prev_20250821T18Z.csv.gz,1440,1,5.979,7.201,0.0909,0.1070
2025-08-22T00:00:00Z,previsions/2025-08/pv_prev_20250822T00Z.csv.gz,1440,1,7.763,7.200,0.0420,0.0531
2025-08-22T06:00:00Z,previsions/2025-08/pv_prev_20250822T06Z.csv.gz,1440,1,7.150,7.198,0.0114,0.0152
2025-08-22T12:00:00Z,previsions/2025-08/pv_prev_20250822T12Z.csv.gz,1440,1,7.594,7.349,0.0192,0.0275
2025-08-22T18:00:00Z,previsions/2025-08/pv_prev_20250822T18Z.csv.gz,1440,1,6.086,7.300,0.0906,0.1089
2025-08-23T00:00:00Z,previsions/2025-08/pv_prev_20250823T00Z.csv.gz,1440,1,7.249,7.300,0.0097,0.0139
2025-08-23T06:00:00Z,previsions/2025-08/pv_prev_20250823T06Z.csv.gz,1440,1,7.494,7.299,0.0184,0.0267
2025-08-23T12:00:00Z,previsions/2025-08/pv_prev_20250823T12Z.csv.gz,1440,1,7.305,7.307,0.0165,0.0208
2025-08-23T18:00:00Z,previsions/2025-08/pv_prev_20250823T18Z.csv.gz,1440,1,7.640,7.400,0.0223,0.0290
2025-08-24T00:00:00Z,previsions/2025-08/pv_prev_20250824T00Z.csv.gz,1440,1,6.645,7.400,0.0566,0.0709
2025-08-24T06:00:00Z,previsions/2025-08/pv_prev_20250824T06Z.csv.gz,1440,1,7.636,7.399,0.0187,0.0265
2025-08-24T12:00:00Z,previsions/2025-08/pv_prev_20250824T12Z.csv.gz,1440,1,6.747,7.349,0.0454,0.0625
2025-08-24T18:00:00Z,previsions/2025-08/pv_prev_20250824T18Z.csv.gz,1440,1,7.799,7.172,0.0471,0.0560
2025-08-25T00:00:00Z,previsions/2025-08/pv_prev_20250825T00Z.csv.gz,1440,1,7.503,7.171,0.0273,0.0382
2025-08-25T06:00:00Z,previsions/2025-08/pv_prev_20250825T06Z.csv.gz,1440,1,6.638,7.166,0.0402,0.0509
2025-08-25T12:00:00Z,previsions/2025-08/pv_prev_20250825T12Z.csv.gz,1440,1,5.892,7.334,0.1090,0.1744
2025-08-25T18:00:00Z,previsions/2025-08/pv_prev_20250825T18Z.csv.gz,1440,1,7.341,7.475,0.0252,0.0323
2025-08-26T00:00:00Z,previsions/2025-08/pv_prev_20250826T00Z.csv.gz,1440,1,6.903,7.474,0.0432,0.0536
2025-08-26T06:00:00Z,previsions/2025-08/pv_prev_20250826T06Z.csv.gz,1440,1,7.576,7.474,0.0168,0.0234
2025-08-26T12:00:00Z,previsions/2025-08/pv_prev_20250826T12Z.csv.gz,1440,1,6.458,7.199,0.0562,0.0715
2025-08-26T18:00:00Z,previsions/2025-08/pv_prev_20250826T18Z.csv.gz,1440,1,7.800,7.021,0.0590,0.0679
2025-08-27T00:00:00Z,previsions/2025-08/pv_prev_20250827T00Z.csv.gz,1440,1,6.342,7.021,0.0515,0.0635
2025-08-27T06:00:00Z,previsions/2025-08/pv_prev_20250827T06Z.csv.gz,1440,1,7.080,7.020,0.0153,0.0218
2025-08-27T12:00:00Z,previsions/2025-08/pv_prev_20250827T12Z.csv.gz,1440,1,7.206,7.139,0.0120,0.0172
2025-08-27T18:00:00Z,previsions/2025-08/pv_prev_20250827T18Z.csv.gz,1440,1,7.541,7.326,0.0199,0.0287
2025-08-28T00:00:00Z,previsions/2025-08/pv_prev_20250828T00Z.csv.gz,1440,1,6.996,7.326,0.0251,0.0320
2025-08-28T06:00:00Z,previsions/2025-08/pv_prev_20250828T06Z.csv.gz,1440,1,7.356,7.323,0.0122,0.0180
2025-08-28T12:00:00Z,previsions/2025-08/pv_prev_20250828T12Z.csv.gz,1440,1,7.634,7.083,0.0426,0.0569
2025-08-28T18:00:00Z,previsions/2025-08/pv_prev_20250828T18Z.csv.gz,1440,1,7.672,6.922,0.0572,0.0711
2025-08-29T00:00:00Z,previsions/2025-08/pv_prev_20250829T00Z.csv.gz,1440,1,7.014,6.921,0.0152,0.0208
2025-08-29T06:00:00Z,previsions/2025-08/pv_prev_20250829T06Z.csv.gz,1440,1,6.767,6.919,0.0153,0.0214
2025-08-29T12:00:00Z,previsions/2025-08/pv_prev_20250829T12Z.csv.gz,1440,1,7.312,6.889,0.0373,0.0472
2025-08-29T18:00:00Z,previsions/2025-08/pv_prev_20250829T18Z.csv.gz,1440,1,7.325,6.663,0.0507,0.0608
2025-08-30T00:00:00Z,previsions/2025-08/pv_prev_20250830T00Z.csv.gz,1440,1,6.446,6.662,0.0228,0.0310
2025-08-30T06:00:00Z,previsions/2025-08/pv_prev_20250830T06Z.csv.gz,1440,1,6.520,6.660,0.0152,0.0227
2025-08-30T12:00:00Z,previsions/2025-08/pv_prev_20250830T12Z.csv.gz,1440,1,7.163,6.770,0.0311,0.0388
2025-08-30T18:00:00Z,previsions/2025-08/pv_prev_20250830T18Z.csv.gz,1440,1,7.452,7.078,0.0321,0.0409
2025-08-31T00:00:00Z,previsions/2025-08/pv_prev_20250831T00Z.csv.gz,1440,1,6.555,7.077,0.0402,0.0494
2025-08-31T06:00:00Z,previsions/2025-08/pv_prev_20250831T06Z.csv.gz,1440,1,7.058,7.076,0.0153,0.0187
2025-08-31T12:00:00Z,previsions/2025-08/pv_prev_20250831T12Z.csv.gz,1440,1,7.137,7.057,0.0144,0.0217
2025-08-31T18:00:00Z,previsions/2025-08/pv_prev_20250831T18Z.csv.gz,1440,1,7.407,6.909,0.0387,0.0468
2025-09-01T00:00:00Z,previsions/2025-09/pv_prev_20250901T00Z.csv.gz,1440,1,6.914,6.909,0.0186,0.0236
2025-09-01T06:00:00Z,previsions/2025-09/pv_prev_20250901T06Z.csv.gz,1440,1,7.259,6.910,0.0272,0.0333
2025-09-01T12:00:00Z,previsions/2025-09/pv_prev_20250901T12Z.csv.gz,1440,1,6.428,6.755,0.0291,0.0347
2025-09-01T18:00:00Z,previsions/2025-09/pv_prev_20250901T18Z.csv.gz,1440,1,6.173,6.677,0.0442,0.0583
2025-09-02T00:00:00Z,previsions/2025-09/pv_prev_20250902T00Z.csv.gz,1440,1,6.898,6.677,0.0312,0.0482
2025-09-02T06:00:00Z,previsions/2025-09/pv_prev_20250902T06Z.csv.gz,1440,1,5.728,6.675,0.0735,0.0888
2025-09-02T12:00:00Z,previsions/2025-09/pv_prev_20250902T12Z.csv.gz,1440,1,7.370,6.595,0.0602,0.0728
2025-09-02T18:00:00Z,previsions/2025-09/pv_prev_20250902T18Z.csv.gz,1440,1,6.228,6.596,0.0299,0.0385
2025-09-03T00:00:00Z,previsions/2025-09/pv_prev_20250903T00Z.csv.gz,1440,1,5.398,6.596,0.0931,0.1126
2025-09-03T06:00:00Z,previsions/2025-09/pv_prev_20250903T06Z.csv.gz,1440,1,6.572,6.593,0.0108,0.0146
2025-09-03T12:00:00Z,previsions/2025-09/pv_prev_20250903T12Z.csv.gz,1440,1,5.165,6.913,0.1361,0.1977
2025-09-03T18:00:00Z,previsions/2025-09/pv_prev_20250903T18Z.csv.gz,1440,1,6.879,6.888,0.0141,0.0185
2025-09-04T00:00:00Z,previsions/2025-09/pv_prev_20250904T00Z.csv.gz,1440,1,7.368,6.888,0.0376,0.0452
2025-09-04T06:00:00Z,previsions/2025-09/pv_prev_20250904T06Z.csv.gz,1440,1,6.306,6.890,0.0457,0.0549
2025-09-04T12:00:00Z,previsions/2025-09/pv_prev_20250904T12Z.csv.gz,1440,1,6.887,7.020,0.0140,0.0210
2025-09-04T18:00:00Z,previsions/2025-09/pv_prev_20250904T18Z.csv.gz,1440,1,6.891,7.125,0.0194,0.0266
2025-09-05T00:00:00Z,previsions/2025-09/pv_prev_20250905T00Z.csv.gz,1440,1,6.717,7.125,0.0320,0.0428
2025-09-05T06:00:00Z,previsions/2025-09/pv_prev_20250905T06Z.csv.gz,1440,1,7.161,7.109,0.0119,0.0163
2025-09-05T12:00:00Z,previsions/2025-09/pv_prev_20250905T12Z.csv.gz,1440,1,4.501,4.793,0.0275,0.0444
2025-09-05T18:00:00Z,previsions/2025-09/pv_prev_20250905T18Z.csv.gz,1440,1,2.075,2.591,0.0479,0.0612
2025-09-06T00:00:00Z,previsions/2025-09/pv_prev_20250906T00Z.csv.gz,1440,1,2.737,2.591,0.0269,0.0432
2025-09-06T06:00:00Z,previsions/2025-09/pv_prev_20250906T06Z.csv.gz,1440,1,2.449,2.587,0.0264,0.0395
2025-09-06T12:00:00Z,previsions/2025-09/pv_prev_20250906T12Z.csv.gz,1440,1,2.736,3.668,0.0775,0.1083
2025-09-06T18:00:00Z,previsions/2025-09/pv_prev_20250906T18Z.csv.gz,1440,1,7.159,5.105,0.1624,0.2023
2025-09-07T00:00:00Z,previsions/2025-09/pv_prev_20250907T00Z.csv.gz,1440,1,6.136,5.105,0.0838,0.1198
2025-09-07T06:00:00Z,previsions/2025-09/pv_prev_20250907T06Z.csv.gz,1440,1,5.681,5.119,0.0545,0.0909
2025-09-07T12:00:00Z,previsions/2025-09/pv_prev_20250907T12Z.csv.gz,1440,1,6.086,6.213,0.0380,0.0590
2025-09-07T18:00:00Z,previsions/2025-09/pv_prev_20250907T18Z.csv.gz,1440,1,6.292,6.912,0.0495,0.0641
2025-09-08T00:00:00Z,previsions/2025-09/pv_prev_20250908T00Z.csv.gz,1440,1,7.157,6.912,0.0198,0.0237
2025-09-08T06:00:00Z,previsions/2025-09/pv_prev_20250908T06Z.csv.gz,1440,1,6.492,6.903,0.0327,0.0419
2025-09-08T12:00:00Z,previsions/2025-09/pv_prev_20250908T12Z.csv.gz,1440,1,4.314,4.862,0.0451,0.0664
2025-09-08T18:00:00Z,previsions/2025-09/pv_prev_20250908T18Z.csv.gz,1440,1,3.814,3.088,0.0602,0.0830
2025-09-09T00:00:00Z,previsions/2025-09/pv_prev_20250909T00Z.csv.gz,1440,1,2.784,3.088,0.0349,0.0465
2025-09-09T06:00:00Z,previsions/2025-09/pv_prev_20250909T06Z.csv.gz,1440,1,2.480,3.092,0.0518,0.0644
2025-09-09T12:00:00Z,previsions/2025-09/pv_prev_20250909T12Z.csv.gz,1440,1,4.222,5.111,0.0793,0.1178
2025-09-09T18:00:00Z,previsions/2025-09/pv_prev_20250909T18Z.csv.gz,1440,1,6.983,6.698,0.0271,0.0387
2025-09-10T00:00:00Z,previsions/2025-09/pv_prev_20250910T00Z.csv.gz,1440,1,5.252,6.698,0.1155,0.1356
2025-09-10T06:00:00Z,previsions/2025-09/pv_prev_20250910T06Z.csv.gz,1440,1,7.039,6.700,0.0278,0.0386
2025-09-10T12:00:00Z,previsions/2025-09/pv_prev_20250910T12Z.csv.gz,1440,1,5.954,6.452,0.0398,0.0535
2025-09-10T18:00:00Z,previsions/2025-09/pv_prev_20250910T18Z.csv.gz,1440,1,6.884,6.327,0.0447,0.0516
2025-09-11T00:00:00Z,previsions/2025-09/pv_prev_20250911T00Z.csv.gz,1440,1,5.933,6.327,0.0347,0.0471
2025-09-11T06:00:00Z,previsions/2025-09/pv_prev_20250911T06Z.csv.gz,1440,1,6.324,6.323,0.0083,0.0110
2025-09-11T12:00:00Z,previsions/2025-09/pv_prev_20250911T12Z.csv.gz,1440,1,6.709,6.184,0.0422,0.0540
2025-09-11T18:00:00Z,previsions/2025-09/pv_prev_20250911T18Z.csv.gz,1440,1,6.455,6.151,0.0396,0.0511
2025-09-12T00:00:00Z,previsions/2025-09/pv_prev_20250912T00Z.csv.gz,1440,1,6.704,6.151,0.0447,0.0541
2025-09-12T06:00:00Z,previsions/2025-09/pv_prev_20250912T06Z.csv.gz,1440,1,5.905,6.148,0.0211,0.0284
2025-09-12T12:00:00Z,previsions/2025-09/pv_prev_20250912T12Z.csv.gz,1440,1,5.955,5.999,0.0233,0.0314
2025-09-12T18:00:00Z,previsions/2025-09/pv_prev_20250912T18Z.csv.gz,1440,1,3.260,6.012,0.2225,0.2622
2025-09-13T00:00:00Z,previsions/2025-09/pv_prev_20250913T00Z.csv.gz,1440,1,5.524,6.012,0.0404,0.0539
2025-09-13T06:00:00Z,previsions/2025-09/pv_prev_20250913T06Z.csv.gz,1440,1,6.455,6.002,0.0368,0.0432
2025-09-13T12:00:00Z,previsions/2025-09/pv_prev_20250913T12Z.csv.gz,1440,1,3.521,4.381,0.0704,0.0916
2025-09-13T18:00:00Z,previsions/2025-09/pv_prev_20250913T18Z.csv.gz,1440,1,1.809,2.927,0.0923,0.1064
2025-09-14T00:00:00Z,previsions/2025-09/pv_prev_20250914T00Z.csv.gz,1440,1,3.395,2.927,0.0455,0.0591
2025-09-14T06:00:00Z,previsions/2025-09/pv_prev_20250914T06Z.csv.gz,1440,1,3.858,2.918,0.0772,0.0978
2025-09-14T12:00:00Z,previsions/2025-09/pv_prev_20250914T12Z.csv.gz,1440,1,2.129,2.868,0.0678,0.1048
2025-09-14T18:00:00Z,previsions/2025-09/pv_prev_20250914T18Z.csv.gz,1440,1,1.414,2.714,0.1130,0.1374
2025-09-15T00:00:00Z,previsions/2025-09/pv_prev_20250915T00Z.csv.gz,1440,1,3.393,2.714,0.0622,0.0973
2025-09-15T06:00:00Z,previsions/2025-09/pv_prev_20250915T06Z.csv.gz,1440,1,2.351,2.731,0.0527,0.0720
2025-09-15T12:00:00Z,previsions/2025-09/pv_prev_20250915T12Z.csv.gz,1440,1,3.908,4.730,0.0769,0.1051
2025-09-15T18:00:00Z,previsions/2025-09/pv_prev_20250915T18Z.csv.gz,1440,1,6.580,6.342,0.0225,0.0334
2025-09-16T00:00:00Z,previsions/2025-09/pv_prev_20250916T00Z.csv.gz,1440,1,6.436,6.342,0.0117,0.0163
2025-09-16T06:00:00Z,previsions/2025-09/pv_prev_20250916T06Z.csv.gz,1440,1,5.896,6.338,0.0363,0.0441
2025-09-16T12:00:00Z,previsions/2025-09/pv_prev_20250916T12Z.csv.gz,1440,1,5.167,6.249,0.0887,0.1305
2025-09-16T18:00:00Z,previsions/2025-09/pv_prev_20250916T18Z.csv.gz,1440,1,6.869,6.292,0.0477,0.0582
2025-09-17T00:00:00Z,previsions/2025-09/pv_prev_20250917T00Z.csv.gz,1440,1,6.389,6.292,0.0186,0.0229
2025-09-17T06:00:00Z,previsions/2025-09/pv_prev_20250917T06Z.csv.gz,1440,1,6.180,6.293,0.0120,0.0158
2025-09-17T12:00:00Z,previsions/2025-09/pv_prev_20250917T12Z.csv.gz,1440,1,6.703,6.274,0.0357,0.0486
2025-09-17T18:00:00Z,previsions/2025-09/pv_prev_20250917T18Z.csv.gz,1440,1,6.692,6.429,0.0316,0.0396
2025-09-18T00:00:00Z,previsions/2025-09/pv_prev_20250918T00Z.csv.gz,1440,1,6.479,6.429,0.0133,0.0171
2025-09-18T06:00:00Z,previsions/2025-09/pv_prev_20250918T06Z.csv.gz,1440,1,6.717,6.425,0.0322,0.0398
2025-09-18T12:00:00Z,previsions/2025-09/pv_prev_20250918T12Z.csv.gz,1440,1,6.689,6.315,0.0402,0.0525
2025-09-18T18:00:00Z,previsions/2025-09/pv_prev_20250918T18Z.csv.gz,1440,1,4.872,6.061,0.0986,0.1089
2025-09-19T00:00:00Z,previsions/2025-09/pv_prev_20250919T00Z.csv.gz,1440,1,6.253,6.061,0.0191,0.0252
2025-09-19T06:00:00Z,previsions/2025-09/pv_prev_20250919T06Z.csv.gz,1440,1,5.348,6.063,0.0594,0.0686
2025-09-19T12:00:00Z,previsions/2025-09/pv_prev_20250919T12Z.csv.gz,1440,1,6.613,6.251,0.0306,0.0407
2025-09-19T18:00:00Z,previsions/2025-09/pv_prev_20250919T18Z.csv.gz,1440,1,6.426,6.374,0.0207,0.0274
2025-09-20T00:00:00Z,previsions/2025-09/pv_prev_20250920T00Z.csv.gz,1440,1,5.112,6.374,0.1050,0.1235
2025-09-20T06:00:00Z,previsions/2025-09/pv_prev_20250920T06Z.csv.gz,1440,1,5.495,6.370,0.0729,0.0908
2025-09-20T12:00:00Z,previsions/2025-09/pv_prev_20250920T12Z.csv.gz,1440,1,6.484,5.957,0.0453,0.0587
2025-09-20T18:00:00Z,previsions/2025-09/pv_prev_20250920T18Z.csv.gz,1440,1,6.742,5.528,0.1014,0.1161
2025-09-21T00:00:00Z,previsions/2025-09/pv_prev_20250921T00Z.csv.gz,1440,1,5.649,5.528,0.0177,0.0246
2025-09-21T06:00:00Z,previsions/2025-09/pv_prev_20250921T06Z.csv.gz,1440,1,5.615,5.529,0.0140,0.0201
2025-09-21T12:00:00Z,previsions/2025-09/pv_prev_20250921T12Z.csv.gz,1440,1,5.819,5.657,0.0254,0.0338
2025-09-21T18:00:00Z,previsions/2025-09/pv_prev_20250921T18Z.csv.gz,1440,1,6.663,5.780,0.0740,0.0852
2025-09-22T00:00:00Z,previsions/2025-09/pv_prev_20250922T00Z.csv.gz,1440,1,6.688,5.780,0.0761,0.0870
2025-09-22T06:00:00Z,previsions/2025-09/pv_prev_20250922T06Z.csv.gz,1440,1,4.973,5.779,0.0676,0.0794
2025-09-22T12:00:00Z,previsions/2025-09/pv_prev_20250922T12Z.csv.gz,1440,1,6.059,6.307,0.0215,0.0263
2025-09-22T18:00:00Z,previsions/2025-09/pv_prev_20250922T18Z.csv.gz,1440,1,6.662,6.688,0.0184,0.0241
2025-09-23T00:00:00Z,previsions/2025-09/pv_prev_20250923T00Z.csv.gz,1440,1,6.463,6.688,0.0191,0.0241
2025-09-23T06:00:00Z,previsions/2025-09/pv_prev_20250923T06Z.csv.gz,1440,1,6.403,6.676,0.0241,0.0312
2025-09-23T12:00:00Z,previsions/2025-09/pv_prev_20250923T12Z.csv.gz,1440,1,3.719,3.711,0.0186,0.0241
2025-09-23T18:00:00Z,previsions/2025-09/pv_prev_20250923T18Z.csv.gz,1440,1,1.415,1.342,0.0116,0.0158
2025-09-24T00:00:00Z,previsions/2025-09/pv_prev_20250924T00Z.csv.gz,1440,1,1.399,1.342,0.0193,0.0264
2025-09-24T06:00:00Z,previsions/2025-09/pv_prev_20250924T06Z.csv.gz,1440,1,1.471,1.348,0.0113,0.0157
2025-09-24T12:00:00Z,previsions/2025-09/pv_prev_20250924T12Z.csv.gz,1440,1,0.502,2.998,0.2125,0.3214
2025-09-24T18:00:00Z,previsions/2025-09/pv_prev_20250924T18Z.csv.gz,1440,1,4.137,4.688,0.0764,0.1096
2025-09-25T00:00:00Z,previsions/2025-09/pv_prev_20250925T00Z.csv.gz,1440,1,5.944,4.688,0.1073,0.1461
2025-09-25T06:00:00Z,previsions/2025-09/pv_prev_20250925T06Z.csv.gz,1440,1,3.721,4.690,0.0917,0.1167
2025-09-25T12:00:00Z,previsions/2025-09/pv_prev_20250925T12Z.csv.gz,1440,1,6.085,5.728,0.0373,0.0603
2025-09-25T18:00:00Z,previsions/2025-09/pv_prev_20250925T18Z.csv.gz,1440,1,6.708,6.128,0.0498,0.0664
2025-09-26T00:00:00Z,previsions/2025-09/pv_prev_20250926T00Z.csv.gz,1440,1,4.838,6.128,0.1101,0.1273
2025-09-26T06:00:00Z,previsions/2025-09/pv_prev_20250926T06Z.csv.gz,1440,1,6.330,6.126,0.0215,0.0285
2025-09-26T12:00:00Z,previsions/2025-09/pv_prev_20250926T12Z.csv.gz,1440,1,6.225,5.784,0.0392,0.0552
2025-09-26T18:00:00Z,previsions/2025-09/pv_prev_20250926T18Z.csv.gz,1440,1,6.580,5.668,0.0783,0.0975
2025-09-27T00:00:00Z,previsions/2025-09/pv_prev_20250927T00Z.csv.gz,1440,1,5.704,5.668,0.0160,0.0199
2025-09-27T06:00:00Z,previsions/2025-09/pv_prev_20250927T06Z.csv.gz,1440,1,4.504,5.667,0.0998,0.1156
2025-09-27T12:00:00Z,previsions/2025-09/pv_prev_20250927T12Z.csv.gz,1440,1,6.148,5.756,0.0365,0.0525
2025-09-27T18:00:00Z,previsions/2025-09/pv_prev_20250927T18Z.csv.gz,1440,1,4.643,5.849,0.1038,0.1149
2025-09-28T00:00:00Z,previsions/2025-09/pv_prev_20250928T00Z.csv.gz,1440,1,6.457,5.849,0.0524,0.0650
2025-09-28T06:00:00Z,previsions/2025-09/pv_prev_20250928T06Z.csv.gz,1440,1,5.777,5.849,0.0132,0.0175
2025-09-28T12:00:00Z,previsions/2025-09/pv_prev_20250928T12Z.csv.gz,1440,1,6.353,6.033,0.0288,0.0442
2025-09-28T18:00:00Z,previsions/2025-09/pv_prev_20250928T18Z.csv.gz,1440,1,6.605,6.069,0.0466,0.0584
2025-09-29T00:00:00Z,previsions/2025-09/pv_prev_20250929T00Z.csv.gz,1440,1,6.320,6.069,0.0231,0.0300
2025-09-29T06:00:00Z,previsions/2025-09/pv_prev_20250929T06Z.csv.gz,1440,1,5.960,6.064,0.0163,0.0223
2025-09-29T12:00:00Z,previsions/2025-09/pv_prev_20250929T12Z.csv.gz,1440,1,5.182,3.873,0.1133,0.1825
2025-09-29T18:00:00Z,previsions/2025-09/pv_prev_20250929T18Z.csv.gz,1440,1,1.134,2.769,0.1437,0.1795
2025-09-30T00:00:00Z,previsions/2025-09/pv_prev_20250930T00Z.csv.gz,1440,1,1.449,2.769,0.1176,0.1418
2025-09-30T06:00:00Z,previsions/2025-09/pv_prev_20250930T06Z.csv.gz,1440,1,2.959,2.766,0.0325,0.0489
2025-09-30T12:00:00Z,previsions/2025-09/pv_prev_20250930T12Z.csv.gz,1440,1,1.787,1.772,0.0220,0.0359
2025-09-30T18:00:00Z,previsions/2025-09/pv_prev_20250930T18Z.csv.gz,1440,1,0.679,0.602,0.0118,0.0167
2025-10-01T00:00:00Z,previsions/2025-10/pv_prev_20251001T00Z.csv.gz,1440,1,0.764,0.602,0.0151,0.0217
2025-10-01T06:00:00Z,previsions/2025-10/pv_prev_20251001T06Z.csv.gz,1440,1,0.565,0.602,0.0077,0.0113
2025-10-01T12:00:00Z,previsions/2025-10/pv_prev_20251001T12Z.csv.gz,1440,1,1.365,0.975,0.0366,0.0650
2025-10-01T18:00:00Z,previsions/2025-10/pv_prev_20251001T18Z.csv.gz,1440,1,1.142,1.310,0.0191,0.0273
2025-10-02T00:00:00Z,previsions/2025-10/pv_prev_20251002T00Z.csv.gz,1440,1,1.373,1.310,0.0163,0.0237
2025-10-02T06:00:00Z,previsions/2025-10/pv_prev_20251002T06Z.csv.gz,1440,1,1.305,1.310,0.0175,0.0256
2025-10-02T12:00:00Z,previsions/2025-10/pv_prev_20251002T12Z.csv.gz,1440,1,0.628,1.023,0.0354,0.0457
2025-10-02T18:00:00Z,previsions/2025-10/pv_prev_20251002T18Z.csv.gz,1440,1,0.517,0.617,0.0191,0.0249
2025-10-03T00:00:00Z,previsions/2025-10/pv_prev_20251003T00Z.csv.gz,1440,1,0.753,0.617,0.0152,0.0208
2025-10-03T06:00:00Z,previsions/2025-10/pv_prev_20251003T06Z.csv.gz,1440,1,0.718,0.620,0.0104,0.0137
2025-10-03T12:00:00Z,previsions/2025-10/pv_prev_20251003T12Z.csv.gz,1440,1,2.982,3.381,0.0373,0.0568
2025-10-03T18:00:00Z,previsions/2025-10/pv_prev_20251003T18Z.csv.gz,1440,1,4.609,5.402,0.0701,0.0843
2025-10-04T00:00:00Z,previsions/2025-10/pv_prev_20251004T00Z.csv.gz,1440,1,5.476,5.402,0.0227,0.0284
2025-10-04T06:00:00Z,previsions/2025-10/pv_prev_20251004T06Z.csv.gz,1440,1,5.089,5.399,0.0285,0.0397
2025-10-04T12:00:00Z,previsions/2025-10/pv_prev_20251004T12Z.csv.gz,1440,1,3.599,3.453,0.0209,0.0313
2025-10-04T18:00:00Z,previsions/2025-10/pv_prev_20251004T18Z.csv.gz,1440,1,2.820,1.972,0.0751,0.0952
2025-10-05T00:00:00Z,previsions/2025-10/pv_prev_20251005T00Z.csv.gz,1440,1,1.779,1.972,0.0189,0.0241
2025-10-05T06:00:00Z,previsions/2025-10/pv_prev_20251005T06Z.csv.gz,1440,1,1.916,1.975,0.0101,0.0149
2025-10-05T12:00:00Z,previsions/2025-10/pv_prev_20251005T12Z.csv.gz,1440,1,4.506,4.270,0.0227,0.0336
2025-10-05T18:00:00Z,previsions/2025-10/pv_prev_20251005T18Z.csv.gz,1440,1,5.164,5.739,0.0513,0.0615
2025-10-06T00:00:00Z,previsions/2025-10/pv_prev_20251006T00Z.csv.gz,1440,1,4.351,5.739,0.1238,0.1395
2025-10-06T06:00:00Z,previsions/2025-10/pv_prev_20251006T06Z.csv.gz,1440,1,5.663,5.736,0.0316,0.0468
2025-10-06T12:00:00Z,previsions/2025-10/pv_prev_20251006T12Z.csv.gz,1440,1,2.520,2.463,0.0098,0.0120
2025-10-06T18:00:00Z,previsions/2025-10/pv_prev_20251006T18Z.csv.gz,1440,1,0.620,0.478,0.0149,0.0200
2025-10-07T00:00:00Z,previsions/2025-10/pv_prev_20251007T00Z.csv.gz,1440,1,0.525,0.478,0.0123,0.0171
2025-10-07T06:00:00Z,previsions/2025-10/pv_prev_20251007T06Z.csv.gz,1440,1,0.434,0.479,0.0075,0.0112
2025-10-07T12:00:00Z,previsions/2025-10/pv_prev_20251007T12Z.csv.gz,1440,1,1.590,2.709,0.1062,0.1845
2025-10-07T18:00:00Z,previsions/2025-10/pv_prev_20251007T18Z.csv.gz,1440,1,1.723,3.116,0.1304,0.1895
2025-10-08T00:00:00Z,previsions/2025-10/pv_prev_20251008T00Z.csv.gz,1440,1,2.440,3.116,0.0730,0.1025
2025-10-08T06:00:00Z,previsions/2025-10/pv_prev_20251008T06Z.csv.gz,1440,1,3.808,3.115,0.0655,0.1050
2025-10-08T12:00:00Z,previsions/2025-10/pv_prev_20251008T12Z.csv.gz,1440,1,1.375,1.520,0.0257,0.0362
2025-10-08T18:00:00Z,previsions/2025-10/pv_prev_20251008T18Z.csv.gz,1440,1,1.330,1.332,0.0280,0.0379
2025-10-09T00:00:00Z,previsions/2025-10/pv_prev_20251009T00Z.csv.gz,1440,1,1.253,1.332,0.0230,0.0325
2025-10-09T06:00:00Z,previsions/2025-10/pv_prev_20251009T06Z.csv.gz,1440,1,1.284,1.332,0.0165,0.0238
2025-10-09T12:00:00Z,previsions/2025-10/pv_prev_20251009T12Z.csv.gz,1440,1,2.102,1.706,0.0362,0.0618
2025-10-09T18:00:00Z,previsions/2025-10/pv_prev_20251009T18Z.csv.gz,1440,1,1.286,1.819,0.0538,0.0705
2025-10-10T00:00:00Z,previsions/2025-10/pv_prev_20251010T00Z.csv.gz,1440,1,2.188,1.819,0.0334,0.0425
2025-10-10T06:00:00Z,previsions/2025-10/pv_prev_20251010T06Z.csv.gz,1440,1,1.920,1.819,0.0102,0.0149
2025-10-10T12:00:00Z,previsions/2025-10/pv_prev_20251010T12Z.csv.gz,1440,1,1.111,1.252,0.0174,0.0236
2025-10-10T18:00:00Z,previsions/2025-10/pv_prev_20251010T18Z.csv.gz,1440,1,0.670,0.969,0.0279,0.0346
2025-10-11T00:00:00Z,previsions/2025-10/pv_prev_20251011T00Z.csv.gz,1440,1,0.865,0.969,0.0154,0.0218
2025-10-11T06:00:00Z,previsions/2025-10/pv_prev_20251011T06Z.csv.gz,1440,1,0.897,0.969,0.0091,0.0128
2025-10-11T12:00:00Z,previsions/2025-10/pv_prev_20251011T12Z.csv.gz,1440,1,2.064,1.253,0.0775,0.1510
2025-10-11T18:00:00Z,previsions/2025-10/pv_prev_20251011T18Z.csv.gz,1440,1,1.548,1.899,0.0508,0.0698
2025-10-12T00:00:00Z,previsions/2025-10/pv_prev_20251012T00Z.csv.gz,1440,1,1.307,1.899,0.0566,0.0713
2025-10-12T06:00:00Z,previsions/2025-10/pv_prev_20251012T06Z.csv.gz,1440,1,1.922,1.900,0.0227,0.0355
2025-10-12T12:00:00Z,previsions/2025-10/pv_prev_20251012T12Z.csv.gz,1440,1,2.357,4.123,0.1622,0.2197
2025-10-12T18:00:00Z,previsions/2025-10/pv_prev_20251012T18Z.csv.gz,1440,1,5.996,5.310,0.0631,0.0720
2025-10-13T00:00:00Z,previsions/2025-10/pv_prev_20251013T00Z.csv.gz,1440,1,5.598,5.310,0.0289,0.0374
2025-10-13T06:00:00Z,previsions/2025-10/pv_prev_20251013T06Z.csv.gz,1440,1,5.055,5.310,0.0248,0.0305
2025-10-13T12:00:00Z,previsions/2025-10/pv_prev_20251013T12Z.csv.gz,1440,1,4.713,5.198,0.0448,0.0622
2025-10-13T18:00:00Z,previsions/2025-10/pv_prev_20251013T18Z.csv.gz,1440,1,3.911,5.138,0.1132,0.1294
2025-10-14T00:00:00Z,previsions/2025-10/pv_prev_20251014T00Z.csv.gz,1440,1,3.762,5.138,0.1270,0.1464
2025-10-14T06:00:00Z,previsions/2025-10/pv_prev_20251014T06Z.csv.gz,1440,1,5.631,5.138,0.0457,0.0548
2025-10-14T12:00:00Z,previsions/2025-10/pv_prev_20251014T12Z.csv.gz,1440,1,3.276,3.029,0.0238,0.0300
2025-10-14T18:00:00Z,previsions/2025-10/pv_prev_20251014T18Z.csv.gz,1440,1,1.801,1.634,0.0184,0.0250
2025-10-15T00:00:00Z,previsions/2025-10/pv_prev_20251015T00Z.csv.gz,1440,1,1.870,1.634,0.0235,0.0323
2025-10-15T06:00:00Z,previsions/2025-10/pv_prev_20251015T06Z.csv.gz,1440,1,1.687,1.634,0.0104,0.0153
2025-10-15T12:00:00Z,previsions/2025-10/pv_prev_20251015T12Z.csv.gz,1440,1,1.302,1.121,0.0182,0.0275
2025-10-15T18:00:00Z,previsions/2025-10/pv_prev_20251015T18Z.csv.gz,1440,1,0.992,0.773,0.0215,0.0305
2025-10-16T00:00:00Z,previsions/2025-10/pv_prev_20251016T00Z.csv.gz,1440,1,0.614,0.773,0.0173,0.0224
2025-10-16T06:00:00Z,previsions/2025-10/pv_prev_20251016T06Z.csv.gz,1440,1,0.902,0.773,0.0125,0.0166
2025-10-16T12:00:00Z,previsions/2025-10/pv_prev_20251016T12Z.csv.gz,1440,1,2.114,3.599,0.1407,0.2110
2025-10-16T18:00:00Z,previsions/2025-10/pv_prev_20251016T18Z.csv.gz,1440,1,5.266,5.358,0.0250,0.0349
2025-10-17T00:00:00Z,previsions/2025-10/pv_prev_20251017T00Z.csv.gz,1440,1,5.336,5.358,0.0168,0.0226
2025-10-17T06:00:00Z,previsions/2025-10/pv_prev_20251017T06Z.csv.gz,1440,1,5.292,5.358,0.0124,0.0172
2025-10-17T12:00:00Z,previsions/2025-10/pv_prev_20251017T12Z.csv.gz,1440,1,5.677,5.099,0.0543,0.0683
2025-10-17T18:00:00Z,previsions/2025-10/pv_prev_20251017T18Z.csv.gz,1440,1,3.348,5.006,0.1561,0.1742
2025-10-18T00:00:00Z,previsions/2025-10/pv_prev_20251018T00Z.csv.gz,1440,1,5.601,5.006,0.0561,0.0664
2025-10-18T06:00:00Z,previsions/2025-10/pv_prev_20251018T06Z.csv.gz,1440,1,4.002,5.006,0.0946,0.1106
2025-10-18T12:00:00Z,previsions/2025-10/pv_prev_20251018T12Z.csv.gz,1440,1,4.218,4.908,0.0654,0.0885
2025-10-18T18:00:00Z,previsions/2025-10/pv_prev_20251018T18Z.csv.gz,1440,1,2.936,4.861,0.1821,0.2052
2025-10-19T00:00:00Z,previsions/2025-10/pv_prev_20251019T00Z.csv.gz,1440,1,5.733,4.861,0.0826,0.0940
2025-10-19T06:00:00Z,previsions/2025-10/pv_prev_20251019T06Z.csv.gz,1440,1,5.246,4.861,0.0364,0.0426
2025-10-19T12:00:00Z,previsions/2025-10/pv_prev_20251019T12Z.csv.gz,1440,1,5.275,5.384,0.0188,0.0230
2025-10-19T18:00:00Z,previsions/2025-10/pv_prev_20251019T18Z.csv.gz,1440,1,5.081,5.630,0.0529,0.0674
2025-10-20T00:00:00Z,previsions/2025-10/pv_prev_20251020T00Z.csv.gz,1440,1,5.670,5.630,0.0161,0.0215
2025-10-20T06:00:00Z,previsions/2025-10/pv_prev_20251020T06Z.csv.gz,1440,1,5.673,5.630,0.0148,0.0217
2025-10-20T12:00:00Z,previsions/2025-10/pv_prev_20251020T12Z.csv.gz,1440,1,5.689,5.240,0.0450,0.0567
2025-10-20T18:00:00Z,previsions/2025-10/pv_prev_20251020T18Z.csv.gz,1440,1,5.107,4.952,0.0352,0.0473
2025-10-21T00:00:00Z,previsions/2025-10/pv_prev_20251021T00Z.csv.gz,1440,1,4.476,4.952,0.0457,0.0522
2025-10-21T06:00:00Z,previsions/2025-10/pv_prev_20251021T06Z.csv.gz,1440,1,4.648,4.952,0.0294,0.0377
2025-10-21T12:00:00Z,previsions/2025-10/pv_prev_20251021T12Z.csv.gz,1440,1,5.407,4.926,0.0460,0.0568
2025-10-21T18:00:00Z,previsions/2025-10/pv_prev_20251021T18Z.csv.gz,1440,1,3.290,4.888,0.1534,0.1728
2025-10-22T00:00:00Z,previsions/2025-10/pv_prev_20251022T00Z.csv.gz,1440,1,4.029,4.888,0.0825,0.0905
2025-10-22T06:00:00Z,previsions/2025-10/pv_prev_20251022T06Z.csv.gz,1440,1,5.488,4.888,0.0577,0.0660
2025-10-22T12:00:00Z,previsions/2025-10/pv_prev_20251022T12Z.csv.gz,1440,1,4.697,4.555,0.0180,0.0221
2025-10-22T18:00:00Z,previsions/2025-10/pv_prev_20251022T18Z.csv.gz,1440,1,4.272,4.394,0.0344,0.0431
2025-10-23T00:00:00Z,previsions/2025-10/pv_prev_20251023T00Z.csv.gz,1440,1,5.406,4.394,0.0975,0.1063
2025-10-23T06:00:00Z,previsions/2025-10/pv_prev_20251023T06Z.csv.gz,1440,1,4.380,4.394,0.0145,0.0182
2025-10-23T12:00:00Z,previsions/2025-10/pv_prev_20251023T12Z.csv.gz,1440,1,4.663,4.786,0.0234,0.0324
2025-10-23T18:00:00Z,previsions/2025-10/pv_prev_20251023T18Z.csv.gz,1440,1,5.454,5.085,0.0357,0.0437
2025-10-24T00:00:00Z,previsions/2025-10/pv_prev_20251024T00Z.csv.gz,1440,1,5.473,5.085,0.0376,0.0455
2025-10-24T06:00:00Z,previsions/2025-10/pv_prev_20251024T06Z.csv.gz,1440,1,4.437,5.085,0.0628,0.0725
2025-10-24T12:00:00Z,previsions/2025-10/pv_prev_20251024T12Z.csv.gz,1440,1,5.289,4.753,0.0526,0.0722
2025-10-24T18:00:00Z,previsions/2025-10/pv_prev_20251024T18Z.csv.gz,1440,1,5.375,4.484,0.0867,0.0983
2025-10-25T00:00:00Z,previsions/2025-10/pv_prev_20251025T00Z.csv.gz,1440,1,4.103,4.484,0.0371,0.0455
2025-10-25T06:00:00Z,previsions/2025-10/pv_prev_20251025T06Z.csv.gz,1440,1,4.636,4.484,0.0157,0.0212
2025-10-25T12:00:00Z,previsions/2025-10/pv_prev_20251025T12Z.csv.gz,1440,1,4.979,4.794,0.0212,0.0303
2025-10-25T18:00:00Z,previsions/2025-10/pv_prev_20251025T18Z.csv.gz,1440,1,5.124,5.011,0.0186,0.0267
2025-10-26T00:00:00Z,previsions/2025-10/pv_prev_20251026T00Z.csv.gz,1440,1,5.293,5.011,0.0306,0.0374
2025-10-26T06:00:00Z,previsions/2025-10/pv_prev_20251026T06Z.csv.gz,1440,1,5.231,5.011,0.0239,0.0307
2025-10-26T12:00:00Z,previsions/2025-10/pv_prev_20251026T12Z.csv.gz,1440,1,3.855,2.936,0.0901,0.1272
2025-10-26T18:00:00Z,previsions/2025-10/pv_prev_20251026T18Z.csv.gz,1440,1,2.533,1.458,0.1055,0.1271
2025-10-27T00:00:00Z,previsions/2025-10/pv_prev_20251027T00Z.csv.gz,1440,1,1.160,1.458,0.0448,0.0598
2025-10-27T06:00:00Z,previsions/2025-10/pv_prev_20251027T06Z.csv.gz,1440,1,1.514,1.458,0.0231,0.0326
2025-10-27T12:00:00Z,previsions/2025-10/pv_prev_20251027T12Z.csv.gz,1440,1,0.936,1.442,0.0597,0.0894
2025-10-27T18:00:00Z,previsions/2025-10/pv_prev_20251027T18Z.csv.gz,1440,1,1.488,1.475,0.0365,0.0519
2025-10-28T00:00:00Z,previsions/2025-10/pv_prev_20251028T00Z.csv.gz,1440,1,0.988,1.475,0.0559,0.0733
2025-10-28T06:00:00Z,previsions/2025-10/pv_prev_20251028T06Z.csv.gz,1440,1,1.520,1.475,0.0207,0.0316
2025-10-28T12:00:00Z,previsions/2025-10/pv_prev_20251028T12Z.csv.gz,1440,1,1.033,0.949,0.0228,0.0310
2025-10-28T18:00:00Z,previsions/2025-10/pv_prev_20251028T18Z.csv.gz,1440,1,0.661,0.678,0.0126,0.0180
2025-10-29T00:00:00Z,previsions/2025-10/pv_prev_20251029T00Z.csv.gz,1440,1,0.766,0.678,0.0147,0.0189
2025-10-29T06:00:00Z,previsions/2025-10/pv_prev_20251029T06Z.csv.gz,1440,1,0.658,0.678,0.0116,0.0174
2025-10-29T12:00:00Z,previsions/2025-10/pv_prev_20251029T12Z.csv.gz,1440,1,2.627,3.261,0.0636,0.0882
2025-10-29T18:00:00Z,previsions/2025-10/pv_prev_20251029T18Z.csv.gz,1440,1,3.737,4.859,0.1117,0.1255
2025-10-30T00:00:00Z,previsions/2025-10/pv_prev_20251030T00Z.csv.gz,1440,1,5.166,4.859,0.0315,0.0389
2025-10-30T06:00:00Z,previsions/2025-10/pv_prev_20251030T06Z.csv.gz,1440,1,4.651,4.859,0.0297,0.0354
2025-10-30T12:00:00Z,previsions/2025-10/pv_prev_20251030T12Z.csv.gz,1440,1,3.542,4.149,0.0913,0.1280
2025-10-30T18:00:00Z,previsions/2025-10/pv_prev_20251030T18Z.csv.gz,1440,1,2.381,3.648,0.1333,0.1573
2025-10-31T00:00:00Z,previsions/2025-10/pv_prev_20251031T00Z.csv.gz,1440,1,3.254,3.648,0.0604,0.0821
2025-10-31T06:00:00Z,previsions/2025-10/pv_prev_20251031T06Z.csv.gz,1440,1,3.229,3.648,0.0552,0.0775
2025-10-31T12:00:00Z,previsions/2025-10/pv_prev_20251031T12Z.csv.gz,1440,1,4.063,4.184,0.0208,0.0256
2025-10-31T18:00:00Z,previsions/2025-10/pv_prev_20251031T18Z.csv.gz,1440,1,5.033,4.501,0.0541,0.0666
2025-11-01T00:00:00Z,previsions/2025-11/pv_prev_20251101T00Z.csv.gz,1440,1,4.677,4.501,0.0199,0.0272
2025-11-01T06:00:00Z,previsions/2025-11/pv_prev_20251101T06Z.csv.gz,1440,1,4.723,4.501,0.0241,0.0326
2025-11-01T12:00:00Z,previsions/2025-11/pv_prev_20251101T12Z.csv.gz,1440,1,3.594,4.145,0.0556,0.0700
2025-11-01T18:00:00Z,previsions/2025-11/pv_prev_20251101T18Z.csv.gz,1440,1,4.161,4.147,0.0186,0.0266
2025-11-02T00:00:00Z,previsions/2025-11/pv_prev_20251102T00Z.csv.gz,1440,1,4.385,4.147,0.0251,0.0308
2025-11-02T06:00:00Z,previsions/2025-11/pv_prev_20251102T06Z.csv.gz,1440,1,3.888,4.147,0.0273,0.0334
2025-11-02T12:00:00Z,previsions/2025-11/pv_prev_20251102T12Z.csv.gz,1440,1,4.344,3.457,0.1000,0.1456
2025-11-02T18:00:00Z,previsions/2025-11/pv_prev_20251102T18Z.csv.gz,1440,1,2.654,2.864,0.0552,0.0686
2025-11-03T00:00:00Z,previsions/2025-11/pv_prev_20251103T00Z.csv.gz,1440,1,2.011,2.864,0.0898,0.1056
2025-11-03T06:00:00Z,previsions/2025-11/pv_prev_20251103T06Z.csv.gz,1440,1,4.003,2.864,0.1166,0.1419
2025-11-03T12:00:00Z,previsions/2025-11/pv_prev_20251103T12Z.csv.gz,1440,1,1.541,1.330,0.0227,0.0316
2025-11-03T18:00:00Z,previsions/2025-11/pv_prev_20251103T18Z.csv.gz,1440,1,0.556,0.549,0.0076,0.0106
2025-11-04T00:00:00Z,previsions/2025-11/pv_prev_20251104T00Z.csv.gz,1440,1,0.614,0.549,0.0100,0.0135
2025-11-04T06:00:00Z,previsions/2025-11/pv_prev_20251104T06Z.csv.gz,1440,1,0.491,0.549,0.0080,0.0113
2025-11-04T12:00:00Z,previsions/2025-11/pv_prev_20251104T12Z.csv.gz,1440,1,1.061,0.751,0.0319,0.0467
2025-11-04T18:00:00Z,previsions/2025-11/pv_prev_20251104T18Z.csv.gz,1440,1,0.524,0.653,0.0157,0.0208
2025-11-05T00:00:00Z,previsions/2025-11/pv_prev_20251105T00Z.csv.gz,1440,1,0.716,0.653,0.0095,0.0151
2025-11-05T06:00:00Z,previsions/2025-11/pv_prev_20251105T06Z.csv.gz,1440,1,0.625,0.653,0.0072,0.0107
2025-11-05T12:00:00Z,previsions/2025-11/pv_prev_20251105T12Z.csv.gz,1440,1,0.642,0.769,0.0148,0.0214
2025-11-05T18:00:00Z,previsions/2025-11/pv_prev_20251105T18Z.csv.gz,1440,1,0.905,0.939,0.0102,0.0157
2025-11-06T00:00:00Z,previsions/2025-11/pv_prev_20251106T00Z.csv.gz,1440,1,0.909,0.939,0.0109,0.0153
2025-11-06T06:00:00Z,previsions/2025-11/pv_prev_20251106T06Z.csv.gz,1440,1,0.939,0.939,0.0108,0.0163
2025-11-06T12:00:00Z,previsions/2025-11/pv_prev_20251106T12Z.csv.gz,1440,1,1.345,1.183,0.0194,0.0288
2025-11-06T18:00:00Z,previsions/2025-11/pv_prev_20251106T18Z.csv.gz,1440,1,1.055,1.270,0.0234,0.0293
2025-11-07T00:00:00Z,previsions/2025-11/pv_prev_20251107T00Z.csv.gz,1440,1,1.235,1.270,0.0121,0.0169
2025-11-07T06:00:00Z,previsions/2025-11/pv_prev_20251107T06Z.csv.gz,1440,1,1.416,1.270,0.0156,0.0216
2025-11-07T12:00:00Z,previsions/2025-11/pv_prev_20251107T12Z.csv.gz,1440,1,1.872,1.740,0.0272,0.0478
2025-11-07T18:00:00Z,previsions/2025-11/pv_prev_20251107T18Z.csv.gz,1440,1,1.828,2.330,0.0657,0.0963
2025-11-08T00:00:00Z,previsions/2025-11/pv_prev_20251108T00Z.csv.gz,1440,1,1.872,2.330,0.0613,0.0823
2025-11-08T06:00:00Z,previsions/2025-11/pv_prev_20251108T06Z.csv.gz,1440,1,1.594,2.330,0.0829,0.1087
2025-11-08T12:00:00Z,previsions/2025-11/pv_prev_20251108T12Z.csv.gz,1440,1,1.524,1.542,0.0316,0.0511
2025-11-08T18:00:00Z,previsions/2025-11/pv_prev_20251108T18Z.csv.gz,1440,1,0.663,0.750,0.0113,0.0144
2025-11-09T00:00:00Z,previsions/2025-11/pv_prev_20251109T00Z.csv.gz,1440,1,0.589,0.750,0.0170,0.0212
2025-11-09T06:00:00Z,previsions/2025-11/pv_prev_20251109T06Z.csv.gz,1440,1,0.765,0.750,0.0082,0.0113
2025-11-09T12:00:00Z,previsions/2025-11/pv_prev_20251109T12Z.csv.gz,1440,1,1.025,1.250,0.0253,0.0456
2025-11-09T18:00:00Z,previsions/2025-11/pv_prev_20251109T18Z.csv.gz,1440,1,2.140,1.514,0.0655,0.0844
2025-11-10T00:00:00Z,previsions/2025-11/pv_prev_20251110T00Z.csv.gz,1440,1,1.418,1.514,0.0215,0.0338
2025-11-10T06:00:00Z,previsions/2025-11/pv_prev_20251110T06Z.csv.gz,1440,1,1.410,1.514,0.0213,0.0362
2025-11-10T12:00:00Z,previsions/2025-11/pv_prev_20251110T12Z.csv.gz,1440,1,1.374,1.058,0.0352,0.0517
2025-11-10T18:00:00Z,previsions/2025-11/pv_prev_20251110T18Z.csv.gz,1440,1,1.231,0.899,0.0362,0.0432
2025-11-11T00:00:00Z,previsions/2025-11/pv_prev_20251111T00Z.csv.gz,1440,1,0.961,0.899,0.0141,0.0195
2025-11-11T06:00:00Z,previsions/2025-11/pv_prev_20251111T06Z.csv.gz,1440,1,0.854,0.899,0.0072,0.0108
2025-11-11T12:00:00Z,previsions/2025-11/pv_prev_20251111T12Z.csv.gz,1440,1,0.416,0.611,0.0211,0.0304
2025-11-11T18:00:00Z,previsions/2025-11/pv_prev_20251111T18Z.csv.gz,1440,1,0.588,0.474,0.0138,0.0183
2025-11-12T00:00:00Z,previsions/2025-11/pv_prev_20251112T00Z.csv.gz,1440,1,0.408,0.474,0.0094,0.0129
2025-11-12T06:00:00Z,previsions/2025-11/pv_prev_20251112T06Z.csv.gz,1440,1,0.447,0.474,0.0066,0.0093
2025-11-12T12:00:00Z,previsions/2025-11/pv_prev_20251112T12Z.csv.gz,1440,1,0.219,1.691,0.1561,0.2300
2025-11-12T18:00:00Z,previsions/2025-11/pv_prev_20251112T18Z.csv.gz,1440,1,1.576,2.457,0.0970,0.1202
2025-11-13T00:00:00Z,previsions/2025-11/pv_prev_20251113T00Z.csv.gz,1440,1,2.509,2.457,0.0378,0.0584
2025-11-13T06:00:00Z,previsions/2025-11/pv_prev_20251113T06Z.csv.gz,1440,1,2.714,2.457,0.0410,0.0701
2025-11-13T12:00:00Z,previsions/2025-11/pv_prev_20251113T12Z.csv.gz,1440,1,1.296,1.474,0.0213,0.0282
2025-11-13T18:00:00Z,previsions/2025-11/pv_prev_20251113T18Z.csv.gz,1440,1,0.771,0.732,0.0069,0.0102
2025-11-14T00:00:00Z,previsions/2025-11/pv_prev_20251114T00Z.csv.gz,1440,1,0.819,0.732,0.0096,0.0131
2025-11-14T06:00:00Z,previsions/2025-11/pv_prev_20251114T06Z.csv.gz,1440,1,0.828,0.732,0.0107,0.0149
2025-11-14T12:00:00Z,previsions/2025-11/pv_prev_20251114T12Z.csv.gz,1440,1,1.044,1.520,0.0527,0.0809
2025-11-14T18:00:00Z,previsions/2025-11/pv_prev_20251114T18Z.csv.gz,1440,1,3.771,2.294,0.1580,0.1889
2025-11-15T00:00:00Z,previsions/2025-11/pv_prev_20251115T00Z.csv.gz,1440,1,1.964,2.294,0.0602,0.0865
2025-11-15T06:00:00Z,previsions/2025-11/pv_prev_20251115T06Z.csv.gz,1440,1,2.728,2.294,0.0614,0.0990
2025-11-15T12:00:00Z,previsions/2025-11/pv_prev_20251115T12Z.csv.gz,1440,1,1.576,1.430,0.0439,0.0679
2025-11-15T18:00:00Z,previsions/2025-11/pv_prev_20251115T18Z.csv.gz,1440,1,0.733,0.682,0.0102,0.0148
2025-11-16T00:00:00Z,previsions/2025-11/pv_prev_20251116T00Z.csv.gz,1440,1,0.618,0.682,0.0104,0.0144
2025-11-16T06:00:00Z,previsions/2025-11/pv_prev_20251116T06Z.csv.gz,1440,1,0.607,0.682,0.0093,0.0131
2025-11-16T12:00:00Z,previsions/2025-11/pv_prev_20251116T12Z.csv.gz,1440,1,0.614,0.550,0.0084,0.0123
2025-11-16T18:00:00Z,previsions/2025-11/pv_prev_20251116T18Z.csv.gz,1440,1,0.585,0.542,0.0104,0.0134
2025-11-17T00:00:00Z,previsions/2025-11/pv_prev_20251117T00Z.csv.gz,1440,1,0.539,0.542,0.0069,0.0097
2025-11-17T06:00:00Z,previsions/2025-11/pv_prev_20251117T06Z.csv.gz,1440,1,0.561,0.542,0.0060,0.0090
2025-11-17T12:00:00Z,previsions/2025-11/pv_prev_20251117T12Z.csv.gz,1440,1,1.740,1.952,0.0409,0.0708
2025-11-17T18:00:00Z,previsions/2025-11/pv_prev_20251117T18Z.csv.gz,1440,1,2.236,2.733,0.0670,0.0918
2025-11-18T00:00:00Z,previsions/2025-11/pv_prev_20251118T00Z.csv.gz,1440,1,2.107,2.733,0.0774,0.1006
2025-11-18T06:00:00Z,previsions/2025-11/pv_prev_20251118T06Z.csv.gz,1440,1,2.025,2.733,0.0836,0.1090
2025-11-18T12:00:00Z,previsions/2025-11/pv_prev_20251118T12Z.csv.gz,1440,1,1.278,1.225,0.0138,0.0278
2025-11-18T18:00:00Z,previsions/2025-11/pv_prev_20251118T18Z.csv.gz,1440,1,0.217,0.330,0.0135,0.0169
2025-11-19T00:00:00Z,previsions/2025-11/pv_prev_20251119T00Z.csv.gz,1440,1,0.349,0.330,0.0048,0.0071
2025-11-19T06:00:00Z,previsions/2025-11/pv_prev_20251119T06Z.csv.gz,1440,1,0.329,0.330,0.0046,0.0070
2025-11-19T12:00:00Z,previsions/2025-11/pv_prev_20251119T12Z.csv.gz,1440,1,0.255,0.186,0.0078,0.0109
2025-11-19T18:00:00Z,previsions/2025-11/pv_prev_20251119T18Z.csv.gz,1440,1,0.171,0.136,0.0058,0.0074
2025-11-20T00:00:00Z,previsions/2025-11/pv_prev_20251120T00Z.csv.gz,1440,1,0.110,0.136,0.0043,0.0074
2025-11-20T06:00:00Z,previsions/2025-11/pv_prev_20251120T06Z.csv.gz,1440,1,0.109,0.136,0.0044,0.0067
2025-11-20T12:00:00Z,previsions/2025-11/pv_prev_20251120T12Z.csv.gz,1440,1,0.502,0.588,0.0151,0.0234
2025-11-20T18:00:00Z,previsions/2025-11/pv_prev_20251120T18Z.csv.gz,1440,1,0.494,0.734,0.0264,0.0368
2025-11-21T00:00:00Z,previsions/2025-11/pv_prev_20251121T00Z.csv.gz,1440,1,0.776,0.734,0.0085,0.0120
2025-11-21T06:00:00Z,previsions/2025-11/pv_prev_20251121T06Z.csv.gz,1440,1,0.618,0.734,0.0133,0.0175
2025-11-21T12:00:00Z,previsions/2025-11/pv_prev_20251121T12Z.csv.gz,1440,1,0.591,0.471,0.0145,0.0231
2025-11-21T18:00:00Z,previsions/2025-11/pv_prev_20251121T18Z.csv.gz,1440,1,0.433,0.387,0.0094,0.0122
2025-11-22T00:00:00Z,previsions/2025-11/pv_prev_20251122T00Z.csv.gz,1440,1,0.280,0.387,0.0124,0.0161
2025-11-22T06:00:00Z,previsions/2025-11/pv_prev_20251122T06Z.csv.gz,1440,1,0.412,0.387,0.0062,0.0082
2025-11-22T12:00:00Z,previsions/2025-11/pv_prev_20251122T12Z.csv.gz,1440,1,2.299,0.998,0.1450,0.2253
2025-11-22T18:00:00Z,previsions/2025-11/pv_prev_20251122T18Z.csv.gz,1440,1,1.262,1.419,0.0335,0.0477
2025-11-23T00:00:00Z,previsions/2025-11/pv_prev_20251123T00Z.csv.gz,1440,1,2.278,1.419,0.0952,0.1270
2025-11-23T06:00:00Z,previsions/2025-11/pv_prev_20251123T06Z.csv.gz,1440,1,1.319,1.419,0.0202,0.0305
2025-11-23T12:00:00Z,previsions/2025-11/pv_prev_20251123T12Z.csv.gz,1440,1,2.263,2.652,0.0453,0.0612
2025-11-23T18:00:00Z,previsions/2025-11/pv_prev_20251123T18Z.csv.gz,1440,1,4.119,3.352,0.0850,0.0951
2025-11-24T00:00:00Z,previsions/2025-11/pv_prev_20251124T00Z.csv.gz,1440,1,3.302,3.352,0.0218,0.0292
2025-11-24T06:00:00Z,previsions/2025-11/pv_prev_20251124T06Z.csv.gz,1440,1,3.546,3.352,0.0268,0.0346
2025-11-24T12:00:00Z,previsions/2025-11/pv_prev_20251124T12Z.csv.gz,1440,1,3.260,3.211,0.0233,0.0314
2025-11-24T18:00:00Z,previsions/2025-11/pv_prev_20251124T18Z.csv.gz,1440,1,2.549,3.099,0.0614,0.0789
2025-11-25T00:00:00Z,previsions/2025-11/pv_prev_20251125T00Z.csv.gz,1440,1,3.527,3.099,0.0480,0.0631
2025-11-25T06:00:00Z,previsions/2025-11/pv_prev_20251125T06Z.csv.gz,1440,1,2.949,3.099,0.0189,0.0250
2025-11-25T12:00:00Z,previsions/2025-11/pv_prev_20251125T12Z.csv.gz,1440,1,3.724,3.456,0.0299,0.0335
2025-11-25T18:00:00Z,previsions/2025-11/pv_prev_20251125T18Z.csv.gz,1440,1,3.947,3.817,0.0210,0.0265
2025-11-26T00:00:00Z,previsions/2025-11/pv_prev_20251126T00Z.csv.gz,1440,1,3.608,3.817,0.0311,0.0406
2025-11-26T06:00:00Z,previsions/2025-11/pv_prev_20251126T06Z.csv.gz,1440,1,3.957,3.817,0.0185,0.0244
2025-11-26T12:00:00Z,previsions/2025-11/pv_prev_20251126T12Z.csv.gz,1440,1,2.466,3.561,0.1225,0.1636
2025-11-26T18:00:00Z,previsions/2025-11/pv_prev_20251126T18Z.csv.gz,1440,1,2.758,3.424,0.0746,0.0870
2025-11-27T00:00:00Z,previsions/2025-11/pv_prev_20251127T00Z.csv.gz,1440,1,2.694,3.424,0.0818,0.0964
2025-11-27T06:00:00Z,previsions/2025-11/pv_prev_20251127T06Z.csv.gz,1440,1,3.359,3.424,0.0162,0.0208
2025-11-27T12:00:00Z,previsions/2025-11/pv_prev_20251127T12Z.csv.gz,1440,1,1.929,2.188,0.0360,0.0553
2025-11-27T18:00:00Z,previsions/2025-11/pv_prev_20251127T18Z.csv.gz,1440,1,1.048,1.213,0.0386,0.0507
2025-11-28T00:00:00Z,previsions/2025-11/pv_prev_20251128T00Z.csv.gz,1440,1,0.971,1.213,0.0397,0.0503
2025-11-28T06:00:00Z,previsions/2025-11/pv_prev_20251128T06Z.csv.gz,1440,1,1.495,1.213,0.0360,0.0506
2025-11-28T12:00:00Z,previsions/2025-11/pv_prev_20251128T12Z.csv.gz,1440,1,0.766,0.739,0.0095,0.0125
2025-11-28T18:00:00Z,previsions/2025-11/pv_prev_20251128T18Z.csv.gz,1440,1,0.492,0.415,0.0103,0.0135
2025-11-29T00:00:00Z,previsions/2025-11/pv_prev_20251129T00Z.csv.gz,1440,1,0.376,0.415,0.0065,0.0089
2025-11-29T06:00:00Z,previsions/2025-11/pv_prev_20251129T06Z.csv.gz,1440,1,0.382,0.415,0.0051,0.0071
2025-11-29T12:00:00Z,previsions/2025-11/pv_prev_20251129T12Z.csv.gz,1440,1,2.509,1.376,0.1291,0.1828
2025-11-29T18:00:00Z,previsions/2025-11/pv_prev_20251129T18Z.csv.gz,1440,1,3.922,2.350,0.1779,0.2034
2025-11-30T00:00:00Z,previsions/2025-11/pv_prev_20251130T00Z.csv.gz,1440,1,3.206,2.350,0.0990,0.1253
2025-11-30T06:00:00Z,previsions/2025-11/pv_prev_20251130T06Z.csv.gz,1440,1,2.372,2.350,0.0227,0.0330
2025-11-30T12:00:00Z,previsions/2025-11/pv_prev_20251130T12Z.csv.gz,1440,1,2.699,3.198,0.0691,0.1011
2025-11-30T18:00:00Z,previsions/2025-11/pv_prev_20251130T18Z.csv.gz,1440,1,3.669,3.640,0.0153,0.0198
2025-12-01T00:00:00Z,previsions/2025-12/pv_prev_20251201T00Z.csv.gz,1440,1,2.412,3.640,0.1393,0.1591
2025-12-01T06:00:00Z,previsions/2025-12/pv_prev_20251201T06Z.csv.gz,1440,1,3.850,3.640,0.0265,0.0315
2025-12-01T12:00:00Z,previsions/2025-12/pv_prev_20251201T12Z.csv.gz,1440,1,3.664,3.622,0.0159,0.0194
2025-12-01T18:00:00Z,previsions/2025-12/pv_prev_20251201T18Z.csv.gz,1440,1,3.864,3.523,0.0390,0.0448
2025-12-02T00:00:00Z,previsions/2025-12/pv_prev_20251202T00Z.csv.gz,1440,1,3.770,3.523,0.0299,0.0353
2025-12-02T06:00:00Z,previsions/2025-12/pv_prev_20251202T06Z.csv.gz,1440,1,3.181,3.523,0.0389,0.0459
2025-12-02T12:00:00Z,previsions/2025-12/pv_prev_20251202T12Z.csv.gz,1440,1,3.779,2.972,0.0923,0.1402
2025-12-02T18:00:00Z,previsions/2025-12/pv_prev_20251202T18Z.csv.gz,1440,1,1.443,2.375,0.1122,0.1375
2025-12-03T00:00:00Z,previsions/2025-12/pv_prev_20251203T00Z.csv.gz,1440,1,0.684,2.375,0.1933,0.2256
2025-12-03T06:00:00Z,previsions/2025-12/pv_prev_20251203T06Z.csv.gz,1440,1,3.196,2.375,0.0940,0.1092
2025-12-03T12:00:00Z,previsions/2025-12/pv_prev_20251203T12Z.csv.gz,1440,1,2.557,2.661,0.0214,0.0311
2025-12-03T18:00:00Z,previsions/2025-12/pv_prev_20251203T18Z.csv.gz,1440,1,3.600,3.103,0.0601,0.0717
2025-12-04T00:00:00Z,previsions/2025-12/pv_prev_20251204T00Z.csv.gz,1440,1,2.835,3.103,0.0312,0.0417
2025-12-04T06:00:00Z,previsions/2025-12/pv_prev_20251204T06Z.csv.gz,1440,1,3.264,3.103,0.0189,0.0239
2025-12-04T12:00:00Z,previsions/2025-12/pv_prev_20251204T12Z.csv.gz,1440,1,3.659,3.255,0.0463,0.0503
2025-12-04T18:00:00Z,previsions/2025-12/pv_prev_20251204T18Z.csv.gz,1440,1,3.361,3.247,0.0333,0.0396
2025-12-05T00:00:00Z,previsions/2025-12/pv_prev_20251205T00Z.csv.gz,1440,1,3.205,3.247,0.0152,0.0205
2025-12-05T06:00:00Z,previsions/2025-12/pv_prev_20251205T06Z.csv.gz,1440,1,3.419,3.247,0.0200,0.0257
2025-12-05T12:00:00Z,previsions/2025-12/pv_prev_20251205T12Z.csv.gz,1440,1,3.269,3.083,0.0229,0.0310
2025-12-05T18:00:00Z,previsions/2025-12/pv_prev_20251205T18Z.csv.gz,1440,1,2.805,3.230,0.0490,0.0605
2025-12-06T00:00:00Z,previsions/2025-12/pv_prev_20251206T00Z.csv.gz,1440,1,2.024,3.230,0.1389,0.1596
2025-12-06T06:00:00Z,previsions/2025-12/pv_prev_20251206T06Z.csv.gz,1440,1,3.266,3.230,0.0095,0.0123
2025-12-06T12:00:00Z,previsions/2025-12/pv_prev_20251206T12Z.csv.gz,1440,1,2.865,3.314,0.0731,0.0918
2025-12-06T18:00:00Z,previsions/2025-12/pv_prev_20251206T18Z.csv.gz,1440,1,3.452,3.270,0.0239,0.0313
2025-12-07T00:00:00Z,previsions/2025-12/pv_prev_20251207T00Z.csv.gz,1440,1,3.483,3.270,0.0270,0.0350
2025-12-07T06:00:00Z,previsions/2025-12/pv_prev_20251207T06Z.csv.gz,1440,1,3.366,3.270,0.0277,0.0377
2025-12-07T12:00:00Z,previsions/2025-12/pv_prev_20251207T12Z.csv.gz,1440,1,3.678,3.388,0.0347,0.0409
2025-12-07T18:00:00Z,previsions/2025-12/pv_prev_20251207T18Z.csv.gz,1440,1,3.634,3.435,0.0233,0.0286
2025-12-08T00:00:00Z,previsions/2025-12/pv_prev_20251208T00Z.csv.gz,1440,1,3.697,3.435,0.0304,0.0351
2025-12-08T06:00:00Z,previsions/2025-12/pv_prev_20251208T06Z.csv.gz,1440,1,3.338,3.435,0.0156,0.0227
2025-12-08T12:00:00Z,previsions/2025-12/pv_prev_20251208T12Z.csv.gz,1440,1,1.855,1.729,0.0177,0.0243
2025-12-08T18:00:00Z,previsions/2025-12/pv_prev_20251208T18Z.csv.gz,1440,1,0.460,0.626,0.0198,0.0240
2025-12-09T00:00:00Z,previsions/2025-12/pv_prev_20251209T00Z.csv.gz,1440,1,0.530,0.626,0.0119,0.0154
2025-12-09T06:00:00Z,previsions/2025-12/pv_prev_20251209T06Z.csv.gz,1440,1,0.612,0.626,0.0045,0.0073
2025-12-09T12:00:00Z,previsions/2025-12/pv_prev_20251209T12Z.csv.gz,1440,1,0.443,0.589,0.0170,0.0236
2025-12-09T18:00:00Z,previsions/2025-12/pv_prev_20251209T18Z.csv.gz,1440,1,0.512,0.419,0.0114,0.0140
2025-12-10T00:00:00Z,previsions/2025-12/pv_prev_20251210T00Z.csv.gz,1440,1,0.432,0.419,0.0060,0.0078
2025-12-10T06:00:00Z,previsions/2025-12/pv_prev_20251210T06Z.csv.gz,1440,1,0.479,0.419,0.0079,0.0105
2025-12-10T12:00:00Z,previsions/2025-12/pv_prev_20251210T12Z.csv.gz,1440,1,0.523,0.479,0.0064,0.0097
2025-12-10T18:00:00Z,previsions/2025-12/pv_prev_20251210T18Z.csv.gz,1440,1,0.561,0.610,0.0077,0.0098
2025-12-11T00:00:00Z,previsions/2025-12/pv_prev_20251211T00Z.csv.gz,1440,1,0.512,0.610,0.0117,0.0140
2025-12-11T06:00:00Z,previsions/2025-12/pv_prev_20251211T06Z.csv.gz,1440,1,0.618,0.610,0.0060,0.0087
2025-12-11T12:00:00Z,previsions/2025-12/pv_prev_20251211T12Z.csv.gz,1440,1,0.736,0.609,0.0160,0.0263
2025-12-11T18:00:00Z,previsions/2025-12/pv_prev_20251211T18Z.csv.gz,1440,1,0.663,0.601,0.0088,0.0117
2025-12-12T00:00:00Z,previsions/2025-12/pv_prev_20251212T00Z.csv.gz,1440,1,0.599,0.601,0.0045,0.0062
2025-12-12T06:00:00Z,previsions/2025-12/pv_prev_20251212T06Z.csv.gz,1440,1,0.619,0.601,0.0058,0.0079
2025-12-12T12:00:00Z,previsions/2025-12/pv_prev_20251212T12Z.csv.gz,1440,1,0.557,0.956,0.0480,0.0797
2025-12-12T18:00:00Z,previsions/2025-12/pv_prev_20251212T18Z.csv.gz,1440,1,2.552,1.216,0.1560,0.1877
2025-12-13T00:00:00Z,previsions/2025-12/pv_prev_20251213T00Z.csv.gz,1440,1,1.897,1.216,0.0855,0.1184
2025-12-13T06:00:00Z,previsions/2025-12/pv_prev_20251213T06Z.csv.gz,1440,1,1.092,1.216,0.0311,0.0488
2025-12-13T12:00:00Z,previsions/2025-12/pv_prev_20251213T12Z.csv.gz,1440,1,2.768,2.375,0.0463,0.0601
2025-12-13T18:00:00Z,previsions/2025-12/pv_prev_20251213T18Z.csv.gz,1440,1,3.567,3.155,0.0530,0.0635
2025-12-14T00:00:00Z,previsions/2025-12/pv_prev_20251214T00Z.csv.gz,1440,1,3.513,3.155,0.0419,0.0458
2025-12-14T06:00:00Z,previsions/2025-12/pv_prev_20251214T06Z.csv.gz,1440,1,3.160,3.155,0.0126,0.0157
2025-12-14T12:00:00Z,previsions/2025-12/pv_prev_20251214T12Z.csv.gz,1440,1,1.508,1.540,0.0092,0.0124
2025-12-14T18:00:00Z,previsions/2025-12/pv_prev_20251214T18Z.csv.gz,1440,1,0.361,0.351,0.0097,0.0134
2025-12-15T00:00:00Z,previsions/2025-12/pv_prev_20251215T00Z.csv.gz,1440,1,0.262,0.351,0.0120,0.0160
2025-12-15T06:00:00Z,previsions/2025-12/pv_prev_20251215T06Z.csv.gz,1440,1,0.321,0.351,0.0053,0.0075
2025-12-15T12:00:00Z,previsions/2025-12/pv_prev_20251215T12Z.csv.gz,1440,1,0.639,0.778,0.0207,0.0315
2025-12-15T18:00:00Z,previsions/2025-12/pv_prev_20251215T18Z.csv.gz,1440,1,1.459,1.087,0.0498,0.0728
2025-12-16T00:00:00Z,previsions/2025-12/pv_prev_20251216T00Z.csv.gz,1440,1,1.243,1.087,0.0312,0.0435
2025-12-16T06:00:00Z,previsions/2025-12/pv_prev_20251216T06Z.csv.gz,1440,1,1.566,1.087,0.0576,0.0703
2025-12-16T12:00:00Z,previsions/2025-12/pv_prev_20251216T12Z.csv.gz,1440,1,0.872,1.342,0.0661,0.0945
2025-12-16T18:00:00Z,previsions/2025-12/pv_prev_20251216T18Z.csv.gz,1440,1,2.958,1.726,0.1441,0.1642
2025-12-17T00:00:00Z,previsions/2025-12/pv_prev_20251217T00Z.csv.gz,1440,1,1.884,1.726,0.0327,0.0512
2025-12-17T06:00:00Z,previsions/2025-12/pv_prev_20251217T06Z.csv.gz,1440,1,1.825,1.726,0.0217,0.0339
2025-12-17T12:00:00Z,previsions/2025-12/pv_prev_20251217T12Z.csv.gz,1440,1,2.817,2.389,0.0548,0.0809
2025-12-17T18:00:00Z,previsions/2025-12/pv_prev_20251217T18Z.csv.gz,1440,1,3.622,2.681,0.1105,0.1303
2025-12-18T00:00:00Z,previsions/2025-12/pv_prev_20251218T00Z.csv.gz,1440,1,3.626,2.681,0.1110,0.1320
2025-12-18T06:00:00Z,previsions/2025-12/pv_prev_20251218T06Z.csv.gz,1440,1,3.510,2.681,0.0982,0.1168
2025-12-18T12:00:00Z,previsions/2025-12/pv_prev_20251218T12Z.csv.gz,1440,1,2.810,2.941,0.0287,0.0372
2025-12-18T18:00:00Z,previsions/2025-12/pv_prev_20251218T18Z.csv.gz,1440,1,2.866,3.067,0.0276,0.0335
2025-12-19T00:00:00Z,previsions/2025-12/pv_prev_20251219T00Z.csv.gz,1440,1,3.318,3.067,0.0302,0.0418
2025-12-19T06:00:00Z,previsions/2025-12/pv_prev_20251219T06Z.csv.gz,1440,1,3.336,3.067,0.0323,0.0430
2025-12-19T12:00:00Z,previsions/2025-12/pv_prev_20251219T12Z.csv.gz,1440,1,2.589,2.452,0.0325,0.0574
2025-12-19T18:00:00Z,previsions/2025-12/pv_prev_20251219T18Z.csv.gz,1440,1,2.862,2.267,0.0980,0.1467
2025-12-20T00:00:00Z,previsions/2025-12/pv_prev_20251220T00Z.csv.gz,1440,1,2.994,2.267,0.0878,0.1186
2025-12-20T06:00:00Z,previsions/2025-12/pv_prev_20251220T06Z.csv.gz,1440,1,1.507,2.267,0.0970,0.1212
2025-12-20T12:00:00Z,previsions/2025-12/pv_prev_20251220T12Z.csv.gz,1440,1,1.810,1.730,0.0348,0.0513
2025-12-20T18:00:00Z,previsions/2025-12/pv_prev_20251220T18Z.csv.gz,1440,1,1.397,1.122,0.0353,0.0478
2025-12-21T00:00:00Z,previsions/2025-12/pv_prev_20251221T00Z.csv.gz,1440,1,1.022,1.122,0.0322,0.0447
2025-12-21T06:00:00Z,previsions/2025-12/pv_prev_20251221T06Z.csv.gz,1440,1,1.403,1.122,0.0339,0.0502
2025-12-21T12:00:00Z,previsions/2025-12/pv_prev_20251221T12Z.csv.gz,1440,1,1.590,2.231,0.0756,0.1003
2025-12-21T18:00:00Z,previsions/2025-12/pv_prev_20251221T18Z.csv.gz,1440,1,2.869,3.018,0.0242,0.0323
2025-12-22T00:00:00Z,previsions/2025-12/pv_prev_20251222T00Z.csv.gz,1440,1,3.138,3.018,0.0185,0.0233
2025-12-22T06:00:00Z,previsions/2025-12/pv_prev_20251222T06Z.csv.gz,1440,1,2.564,3.018,0.0533,0.0593
2025-12-22T12:00:00Z,previsions/2025-12/pv_prev_20251222T12Z.csv.gz,1440,1,3.055,2.804,0.0453,0.0639
2025-12-22T18:00:00Z,previsions/2025-12/pv_prev_20251222T18Z.csv.gz,1440,1,2.735,2.680,0.0190,0.0251
2025-12-23T00:00:00Z,previsions/2025-12/pv_prev_20251223T00Z.csv.gz,1440,1,2.779,2.680,0.0186,0.0227
2025-12-23T06:00:00Z,previsions/2025-12/pv_prev_20251223T06Z.csv.gz,1440,1,2.746,2.680,0.0137,0.0190
2025-12-23T12:00:00Z,previsions/2025-12/pv_prev_20251223T12Z.csv.gz,1440,1,3.150,3.073,0.0157,0.0220
2025-12-23T18:00:00Z,previsions/2025-12/pv_prev_20251223T18Z.csv.gz,1440,1,3.605,3.417,0.0237,0.0301
2025-12-24T00:00:00Z,previsions/2025-12/pv_prev_20251224T00Z.csv.gz,1440,1,3.607,3.417,0.0237,0.0299
2025-12-24T06:00:00Z,previsions/2025-12/pv_prev_20251224T06Z.csv.gz,1440,1,3.587,3.417,0.0210,0.0273
2025-12-24T12:00:00Z,previsions/2025-12/pv_prev_20251224T12Z.csv.gz,1440,1,3.018,3.084,0.0201,0.0271
2025-12-24T18:00:00Z,previsions/2025-12/pv_prev_20251224T18Z.csv.gz,1440,1,1.916,2.747,0.0975,0.1140
2025-12-25T00:00:00Z,previsions/2025-12/pv_prev_20251225T00Z.csv.gz,1440,1,2.787,2.747,0.0184,0.0229
2025-12-25T06:00:00Z,previsions/2025-12/pv_prev_20251225T06Z.csv.gz,1440,1,2.614,2.747,0.0188,0.0257
2025-12-25T12:00:00Z,previsions/2025-12/pv_prev_20251225T12Z.csv.gz,1440,1,3.291,2.227,0.1249,0.1700
2025-12-25T18:00:00Z,previsions/2025-12/pv_prev_20251225T18Z.csv.gz,1440,1,0.886,2.257,0.1608,0.2002
2025-12-26T00:00:00Z,previsions/2025-12/pv_prev_20251226T00Z.csv.gz,1440,1,1.267,2.257,0.1175,0.1521
2025-12-26T06:00:00Z,previsions/2025-12/pv_prev_20251226T06Z.csv.gz,1440,1,1.536,2.257,0.0868,0.1123
2025-12-26T12:00:00Z,previsions/2025-12/pv_prev_20251226T12Z.csv.gz,1440,1,1.623,2.294,0.0828,0.1239
2025-12-26T18:00:00Z,previsions/2025-12/pv_prev_20251226T18Z.csv.gz,1440,1,0.494,2.126,0.1926,0.2335
2025-12-27T00:00:00Z,previsions/2025-12/pv_prev_20251227T00Z.csv.gz,1440,1,3.032,2.126,0.1065,0.1343
2025-12-27T06:00:00Z,previsions/2025-12/pv_prev_20251227T06Z.csv.gz,1440,1,1.090,2.126,0.1255,0.1570
2025-12-27T12:00:00Z,previsions/2025-12/pv_prev_20251227T12Z.csv.gz,1440,1,1.101,1.145,0.0204,0.0346
2025-12-27T18:00:00Z,previsions/2025-12/pv_prev_20251227T18Z.csv.gz,1440,1,0.299,0.347,0.0070,0.0097
2025-12-28T00:00:00Z,previsions/2025-12/pv_prev_20251228T00Z.csv.gz,1440,1,0.439,0.347,0.0109,0.0129
2025-12-28T06:00:00Z,previsions/2025-12/pv_prev_20251228T06Z.csv.gz,1440,1,0.379,0.347,0.0054,0.0069
2025-12-28T12:00:00Z,previsions/2025-12/pv_prev_20251228T12Z.csv.gz,1440,1,0.274,0.858,0.0692,0.1089
2025-12-28T18:00:00Z,previsions/2025-12/pv_prev_20251228T18Z.csv.gz,1440,1,1.479,1.062,0.0510,0.0637
2025-12-29T00:00:00Z,previsions/2025-12/pv_prev_20251229T00Z.csv.gz,1440,1,0.841,1.062,0.0341,0.0458
2025-12-29T06:00:00Z,previsions/2025-12/pv_prev_20251229T06Z.csv.gz,1440,1,0.883,1.062,0.0260,0.0342
2025-12-29T12:00:00Z,previsions/2025-12/pv_prev_20251229T12Z.csv.gz,1440,1,1.136,1.510,0.0562,0.0967
2025-12-29T18:00:00Z,previsions/2025-12/pv_prev_20251229T18Z.csv.gz,1440,1,0.319,2.055,0.2039,0.2576
2025-12-30T00:00:00Z,previsions/2025-12/pv_prev_20251230T00Z.csv.gz,1440,1,1.026,2.055,0.1260,0.1702
2025-12-30T06:00:00Z,previsions/2025-12/pv_prev_20251230T06Z.csv.gz,1440,1,2.714,2.055,0.0798,0.1162
2025-12-30T12:00:00Z,previsions/2025-12/pv_prev_20251230T12Z.csv.gz,1440,1,1.251,1.018,0.0316,0.0543
2025-12-30T18:00:00Z,previsions/2025-12/pv_prev_20251230T18Z.csv.gz,1440,1,0.227,0.238,0.0058,0.0084
2025-12-31T00:00:00Z,previsions/2025-12/pv_prev_20251231T00Z.csv.gz,1440,1,0.342,0.238,0.0124,0.0157
2025-12-31T06:00:00Z,previsions/2025-12/pv_prev_20251231T06Z.csv.gz,1440,1,0.244,0.238,0.0036,0.0051
2025-12-31T12:00:00Z,previsions/2025-12/pv_prev_20251231T12Z.csv.gz,1440,1,0.895,0.610,0.0338,0.0502
2025-12-31T18:00:00Z,previsions/2025-12/pv_prev_20251231T18Z.csv.gz,1440,1,0.996,0.789,0.0250,0.0324
